time,latitude,longitude,depth,mag,magType,nst,gap,dmin,rms,net,id,updated,place,type,horizontalError,depthError,magError,magNst,status,locationSource,magSource
2016-02-24T19:36:16.070Z,24.0128,142.0853,55.68,4.8,mb,,91,3.071,0.93,us,us10004sel,2016-02-24T20:16:56.300Z,"114km SE of Iwo Jima, Japan",earthquake,6.9,6.9,0.048,132,reviewed,us,us
2016-02-24T19:09:57.180Z,-29.9003,-71.8994,15.11,4.6,mb,,147,0.574,0.69,us,us10004sec,2016-02-24T20:02:30.002Z,"53km W of Coquimbo, Chile",earthquake,5.1,5.4,0.165,11,reviewed,us,us
2016-02-24T17:02:04.640Z,-29.9554,-71.686,22.96,4.6,mb,,144,0.39,0.85,us,us10004scj,2016-02-24T19:47:02.064Z,"33km W of Coquimbo, Chile",earthquake,4.6,5.6,0.129,18,reviewed,us,us
2016-02-24T16:10:50.890Z,38.3164,141.8767,44.9,5,mb,,133,0.967,0.71,us,us10004scg,2016-02-24T17:10:16.126Z,"51km ESE of Ishinomaki, Japan",earthquake,6.9,6.5,0.065,76,reviewed,us,us
2016-02-24T09:22:16.990Z,27.8205,85.7593,10,4.7,mb,,77,0.407,0.78,us,us10004sb7,2016-02-24T10:17:11.936Z,"23km SW of Kodari, Nepal",earthquake,4.2,1.9,0.082,45,reviewed,us,us
2016-02-24T08:18:20.510Z,18.7292,-69.4339,95.13,4.7,mb,,72,0.529,1,us,us10004saw,2016-02-24T14:13:50.560Z,"6km SSE of El Puerto, Dominican Republic",earthquake,2.6,6,0.048,148,reviewed,us,us
2016-02-24T03:51:29.030Z,-31.758,-69.439,122.79,4.9,mb,,78,0.677,1.29,us,us10004s9h,2016-02-24T17:13:51.000Z,"47km S of Calingasta, Argentina",earthquake,4.3,6.5,0.125,20,reviewed,us,us
2016-02-24T02:33:49.680Z,-9.0859,127.2066,57.67,4.7,mb,,51,2.975,1.02,us,us10004s92,2016-02-24T10:36:30.163Z,"184km ESE of Aileu, East Timor",earthquake,8.1,10,0.133,17,reviewed,us,us
2016-02-24T00:38:12.500Z,11.6011,-87.2691,42.02,4.6,mb,,180,1.053,0.75,us,us10004s8a,2016-02-24T08:40:39.677Z,"84km WSW of Masachapa, Nicaragua",earthquake,7.1,8.9,0.05,117,reviewed,us,us
2016-02-24T00:02:23.630Z,35.5423333,-119.3728333,22.14,4.87,mw,84,37,0.295,0.29,ci,ci37528064,2016-02-24T18:55:03.160Z,"6km SSW of Wasco, California",earthquake,0.24,0.65,,6,reviewed,ci,ci
2016-02-23T21:46:49.210Z,-17.6713,-178.4945,555.95,4.9,mb,,61,7.469,1.37,us,us10004s6b,2016-02-24T05:49:20.961Z,"265km ESE of Lambasa, Fiji",earthquake,14.1,4.3,0.081,47,reviewed,us,us
2016-02-23T20:47:35.220Z,1.0416,127.4517,18.82,5.4,mb,,50,0.281,1.22,us,us10004s5h,2016-02-24T15:53:24.252Z,"27km NNE of Ternate, Indonesia",earthquake,5.9,4.2,0.051,129,reviewed,us,us
2016-02-23T18:08:46.550Z,-63.0328,144.9961,10,5.8,mww,,30,11.185,0.83,us,us10004s4c,2016-02-24T15:05:25.218Z,"South of Australia",earthquake,9.3,1.7,,,reviewed,us,us
2016-02-23T16:09:28.430Z,12.3491,-88.268,35,4.6,mb,,188,1.238,1.11,us,us10004s2k,2016-02-24T00:12:25.754Z,"96km SSW of Intipuca, El Salvador",earthquake,7.2,2,0.079,47,reviewed,us,us
2016-02-23T10:12:33.000Z,35.7094,-3.5584,10,4.7,mb,,81,2.273,0.85,us,us10004rzc,2016-02-23T18:15:00.604Z,"61km NNE of Al Hoceima, Morocco",earthquake,5.8,1.9,0.078,50,reviewed,us,us
2016-02-23T08:46:01.670Z,35.7074,-3.6077,13.52,4.8,mb,,81,2.236,0.64,us,us10004ryd,2016-02-23T16:49:00.719Z,"59km NNE of Al Hoceima, Morocco",earthquake,6.4,4.6,0.055,104,reviewed,us,us
2016-02-23T08:26:27.010Z,23.9481,122.4159,24.2,4.8,mb,,89,0.75,0.74,us,us10004ry6,2016-02-23T16:28:54.597Z,"82km E of Hualian, Taiwan",earthquake,3.2,5.6,0.098,32,reviewed,us,us
2016-02-23T00:33:38.550Z,32.0762,94.9579,10,5.2,mb,,51,7.032,0.89,us,us10004rwh,2016-02-23T08:36:24.138Z,"75km NW of Gyamotang, China",earthquake,9.1,1.8,0.044,167,reviewed,us,us
2016-02-22T22:26:00.900Z,-24.5293,-179.9018,502.02,4.6,mb,,70,5.016,1.07,us,us10004rvd,2016-02-23T06:28:37.744Z,"South of the Fiji Islands",earthquake,10.5,6.3,0.052,109,reviewed,us,us
2016-02-22T20:29:37.700Z,-15.7233,-71.725,18.28,4.8,mb,,125,2.946,1,us,us10004rtm,2016-02-23T04:32:11.696Z,"16km SW of Chivay, Peru",earthquake,5.9,5.3,0.066,71,reviewed,us,us
2016-02-22T18:20:53.220Z,7.1266,92.1459,10,4.6,mb,,143,4.538,0.52,us,us10004rsa,2016-02-23T02:23:31.870Z,"159km SW of Mohean, India",earthquake,4.4,1.9,0.087,40,reviewed,us,us
2016-02-22T13:59:49.070Z,-20.2393,-177.9782,514.89,4.6,mb,,76,7.674,0.81,us,us10004rpm,2016-02-22T22:02:59.040Z,"87km ENE of Ndoi Island, Fiji",earthquake,8.9,6,0.041,180,reviewed,us,us
2016-02-22T13:39:11.240Z,44.8838,81.2759,47.36,4.5,mb,,94,1.985,0.64,us,us10004rpf,2016-02-22T21:41:39.332Z,"103km WSW of Dostyq, Kazakhstan",earthquake,7.3,7.8,0.108,25,reviewed,us,us
2016-02-22T06:37:03.370Z,-30.4623,-72.063,10.15,5.9,mwb,,101,0.425,0.84,us,us10004rn7,2016-02-23T17:06:22.000Z,"84km W of Ovalle, Chile",earthquake,5.3,3.7,0.045,47,reviewed,us,us
2016-02-22T04:14:30.080Z,35.7334,-3.5215,10,4.6,mb,,81,2.293,0.73,us,us10004rmk,2016-02-22T08:17:21.027Z,"64km N of Boudinar, Morocco",earthquake,7.6,1.9,0.09,37,reviewed,us,us
2016-02-22T03:46:02.860Z,35.7538,-3.5185,10,5.4,mb,,31,2.288,0.93,us,us10004rmh,2016-02-23T22:44:30.000Z,"67km NNE of Al Hoceima, Morocco",earthquake,4,1.8,0.04,217,reviewed,us,us
2016-02-22T03:09:56.520Z,-41.9039,174.2195,10,4.7,mwr,,106,0.154,0.71,us,us10004rm8,2016-02-22T04:24:33.398Z,"48km SSE of Blenheim, New Zealand",earthquake,3.1,1.9,0.054,33,reviewed,us,us
2016-02-21T21:26:23.270Z,23.5921,144.306,29.51,5.6,mb,,191,3.981,0.86,us,us10004rkg,2016-02-23T18:39:20.000Z,"Volcano Islands, Japan region",earthquake,10.4,7.8,0.144,18,reviewed,us,us
2016-02-21T18:40:49.060Z,-20.9075,173.951,79.65,4.8,mb,,239,6.277,0.63,us,us10004rju,2016-02-22T02:43:30.640Z,"114km NW of Ceva-i-Ra, Fiji",earthquake,15.6,14.3,0.134,17,reviewed,us,us
2016-02-21T18:10:01.450Z,28.0107,84.7447,19.24,5,mb,,103,0.586,1.19,us,us10004rjm,2016-02-22T11:42:38.314Z,"43km ESE of Lamjung, Nepal",earthquake,9.7,4.6,0.075,57,reviewed,us,us
2016-02-21T18:03:27.770Z,37.4883,141.8349,19.84,4.7,mb,,135,0.912,0.56,us,us10004rjl,2016-02-21T23:02:45.523Z,"73km E of Namie, Japan",earthquake,6.3,4.4,0.126,19,reviewed,us,us
2016-02-21T16:31:59.250Z,36.148,78.139,10,4.6,mb,,94,4.714,0.99,us,us10004rj4,2016-02-22T00:34:35.118Z,"175km SW of Layka, China",earthquake,9.3,1.9,0.077,50,reviewed,us,us
2016-02-21T11:03:49.660Z,11.2016,140.1566,47.43,4.7,mb,,122,16.084,0.98,us,us10004ri5,2016-02-21T19:06:31.937Z,"163km NNW of Fais, Micronesia",earthquake,7.3,8.9,0.081,47,reviewed,us,us
2016-02-21T09:12:08.240Z,36.4751,70.86,176.74,5.5,mb,,42,0.688,0.73,us,us10004rhs,2016-02-23T21:02:15.000Z,"43km S of Jarm, Afghanistan",earthquake,4.9,5.6,0.047,157,reviewed,us,us
2016-02-21T03:39:39.540Z,6.9616,92.3997,31.02,4.5,mb,,135,4.676,0.83,us,us10004rgq,2016-02-21T11:42:07.719Z,"150km SW of Mohean, India",earthquake,9.8,6.5,0.127,18,reviewed,us,us
2016-02-21T02:26:21.850Z,4.5011,-32.6381,10,5,mb,,96,10.764,0.55,us,us10004rgh,2016-02-21T10:28:52.283Z,"Central Mid-Atlantic Ridge",earthquake,11.4,1.8,0.044,167,reviewed,us,us
2016-02-21T01:26:02.360Z,4.7183,-32.6174,10,5.3,mb,,80,10.977,0.66,us,us10004rga,2016-02-22T03:56:18.000Z,"Central Mid-Atlantic Ridge",earthquake,10.1,1.9,0.033,302,reviewed,us,us
2016-02-21T01:04:26.450Z,8.0048,-38.4401,10,4.9,mb,,79,13.972,0.65,us,us10004rg8,2016-02-21T09:06:52.897Z,"Central Mid-Atlantic Ridge",earthquake,10.8,1.9,0.049,128,reviewed,us,us
2016-02-20T22:42:09.160Z,-3.6002,141.3699,10,5,mb,,63,8.143,0.78,us,us10004rfq,2016-02-21T00:25:14.326Z,"102km S of Vanimo, Papua New Guinea",earthquake,8.2,1.9,0.074,58,reviewed,us,us
2016-02-20T21:34:03.100Z,-19.161,-177.3478,548.69,4.8,mb,,125,7.469,0.79,us,us10004rfl,2016-02-21T05:36:33.046Z,"217km NE of Ndoi Island, Fiji",earthquake,13.7,8.2,0.075,55,reviewed,us,us
2016-02-20T18:23:01.440Z,-32.4824,-69.8374,115.86,4.5,mwr,,66,0.664,1.27,us,us10004reu,2016-02-23T17:26:35.418Z,"81km ENE of Los Andes, Chile",earthquake,5.4,4.1,0.068,21,reviewed,us,us
2016-02-20T17:59:50.270Z,-34.381,179.3357,159.91,4.5,mb,,145,3.282,0.57,us,us10004rhc,2016-02-23T16:47:28.422Z,"South of the Kermadec Islands",earthquake,12.1,8.3,0.124,21,reviewed,us,us
2016-02-20T17:48:30.110Z,5.2125,-32.5346,14.95,4.8,mb,,128,13.08,0.67,us,us10004rew,2016-02-23T16:16:27.201Z,"Central Mid-Atlantic Ridge",earthquake,11.9,4.8,0.068,67,reviewed,us,us
2016-02-20T16:48:25.940Z,4.8333,-32.6181,10,5.1,mb,,128,25.422,0.96,us,us10004rel,2016-02-21T00:50:54.695Z,"Central Mid-Atlantic Ridge",earthquake,14.1,1.9,0.073,61,reviewed,us,us
2016-02-20T16:39:10.290Z,51.6487,-175.5336,64.85,4.5,mb,,195,0.752,0.93,us,us10004rei,2016-02-21T00:41:49.490Z,"81km ESE of Adak, Alaska",earthquake,10.4,8.4,0.074,54,reviewed,us,us
2016-02-20T15:56:16.200Z,-21.8918,-179.4298,579.66,5.2,mb,,96,7.446,0.74,us,us10004re6,2016-02-20T23:58:50.824Z,"156km SSW of Ndoi Island, Fiji",earthquake,12.1,8.9,0.051,129,reviewed,us,us
2016-02-20T15:51:22.810Z,-21.9139,-179.359,579.39,5.8,mb,,85,7.413,0.94,us,us10004rdp,2016-02-21T03:56:18.000Z,"155km SSW of Ndoi Island, Fiji",earthquake,8,8.1,0.06,102,reviewed,us,us
2016-02-20T14:59:58.650Z,4.505,-32.5457,10,5.1,mb,,90,27.64,0.54,us,us10004rde,2016-02-20T23:02:30.186Z,"Central Mid-Atlantic Ridge",earthquake,13.2,1.9,0.108,28,reviewed,us,us
2016-02-20T14:54:20.410Z,5.0102,-32.6824,10,4.9,mb,,149,13.328,0.85,us,us10004rda,2016-02-20T22:56:56.503Z,"Central Mid-Atlantic Ridge",earthquake,14.6,1.9,0.087,42,reviewed,us,us
2016-02-20T14:38:41.480Z,-22.3474,179.2886,595.52,5.1,mb,,99,10.603,0.78,us,us10004rd8,2016-02-20T22:41:27.533Z,"280km SW of Ndoi Island, Fiji",earthquake,11.6,9.1,0.061,87,reviewed,us,us
2016-02-20T13:58:17.840Z,4.9832,-32.5833,10,4.9,mb,,147,13.284,1.02,us,us10004rcw,2016-02-20T22:01:01.766Z,"Central Mid-Atlantic Ridge",earthquake,14.6,1.9,0.09,39,reviewed,us,us
2016-02-20T13:50:49.390Z,4.6428,-32.5624,10,4.8,mb,,132,18.172,0.94,us,us10004rcm,2016-02-20T21:53:49.768Z,"Central Mid-Atlantic Ridge",earthquake,14.8,1.9,0.103,30,reviewed,us,us
2016-02-20T13:42:15.100Z,4.5745,-32.6203,10,4.9,mb,,143,18.257,0.93,us,us10004rcl,2016-02-20T21:45:20.920Z,"Central Mid-Atlantic Ridge",earthquake,14.4,1.9,0.093,37,reviewed,us,us
2016-02-20T13:25:25.170Z,-29.1241,-179.1507,341.94,4.6,mb,,138,1.075,0.79,us,us10004rcc,2016-02-20T21:28:03.337Z,"122km W of Raoul Island, New Zealand",earthquake,13.5,8.2,0.098,31,reviewed,us,us
2016-02-20T12:56:38.040Z,38.1011,74.1418,180.11,4.5,mb,,132,2.046,1.03,us,us10004rc3,2016-02-20T20:59:08.352Z,"17km ESE of Murghob, Tajikistan",earthquake,7.6,5,0.085,41,reviewed,us,us
2016-02-20T12:48:06.670Z,4.5349,-32.6893,10,4.8,mb,,130,10.781,0.87,us,us10004rca,2016-02-20T20:50:36.531Z,"Central Mid-Atlantic Ridge",earthquake,9.1,1.9,0.071,62,reviewed,us,us
2016-02-20T12:44:24.100Z,-2.7829,128.1777,47.47,4.6,mb,,92,3.622,0.74,us,us10004rbx,2016-02-20T20:46:57.373Z,"31km N of Piru, Indonesia",earthquake,4.8,8.6,0.119,21,reviewed,us,us
2016-02-20T11:31:41.160Z,8.5741,-83.6496,12.19,4.8,mb,,149,0.183,1.12,us,us10004rbq,2016-02-21T04:08:27.118Z,"44km SSW of Ciudad Cortes, Costa Rica",earthquake,5.7,5,0.059,87,reviewed,us,us
2016-02-20T11:08:37.510Z,-7.4394,128.172,142.95,5.1,mb,,33,3.145,0.86,us,us10004rbl,2016-02-20T19:11:06.949Z,"Kepulauan Barat Daya, Indonesia",earthquake,7.8,7.2,0.073,61,reviewed,us,us
2016-02-20T10:21:42.410Z,46.4626,140.8178,14.17,4.5,mb,,82,1.425,0.44,us,us10004rbi,2016-02-20T18:24:14.530Z,"79km W of Gornozavodsk, Russia",earthquake,7.8,5,0.1,29,reviewed,us,us
2016-02-20T03:23:25.440Z,-6.7742,102.222,24.26,4.7,mb,,103,5.006,0.67,us,us10004r9f,2016-02-20T11:26:04.308Z,"256km SW of Biha, Indonesia",earthquake,9.1,6.5,0.106,27,reviewed,us,us
2016-02-20T02:05:49.840Z,-15.7296,-71.8033,10,5,mb,,126,2.975,0.9,us,us10004r90,2016-02-20T10:08:33.438Z,"23km WSW of Chivay, Peru",earthquake,5.8,1.7,0.048,139,reviewed,us,us
2016-02-20T01:26:33.320Z,-3.0432,129.4154,14.88,5.1,mb,,55,2.832,0.64,us,us10004r8u,2016-02-20T09:29:14.060Z,"64km ENE of Amahai, Indonesia",earthquake,7.1,4.5,0.075,57,reviewed,us,us
2016-02-20T00:47:00.880Z,-5.1499,154.0296,142.31,4.6,mb,,193,2.089,0.65,us,us10004r8k,2016-02-20T08:49:37.854Z,"133km SE of Taron, Papua New Guinea",earthquake,12.9,11.8,0.114,23,reviewed,us,us
2016-02-19T23:00:44.920Z,5.5953,127.3947,42.16,4.5,mb,,158,4.791,0.66,us,us10004r79,2016-02-20T07:04:42.189Z,"159km ESE of Pondaguitan, Philippines",earthquake,12.1,11.7,0.135,16,reviewed,us,us
2016-02-19T21:50:49.510Z,-45.7244,-77.6487,10,4.7,mwr,,187,3.867,0.52,us,us10004r6c,2016-02-20T05:53:32.592Z,"Off the coast of Aisen, Chile",earthquake,8.5,1.9,0.093,11,reviewed,us,us
2016-02-19T17:07:03.080Z,-59.9021,-28.6675,206.26,4.8,mb,,98,13.844,0.52,us,us10004r42,2016-02-20T16:13:57.054Z,"155km SW of Bristol Island, South Sandwich Islands",earthquake,8.4,10.9,0.085,43,reviewed,us,us
2016-02-19T16:02:13.770Z,-4.131,152.9181,48.33,4.9,mb,,119,0.754,0.52,us,us10004r3n,2016-02-20T00:04:52.226Z,"39km NNW of Taron, Papua New Guinea",earthquake,9.2,8.6,0.122,21,reviewed,us,us
2016-02-19T13:13:52.390Z,37.2205,142.2218,20.17,5.1,mb,,94,1.309,0.81,us,us10004r0w,2016-02-19T21:27:42.778Z,"112km ESE of Namie, Japan",earthquake,6.4,4.9,0.048,139,reviewed,us,us
2016-02-19T10:52:53.390Z,2.2173,128.8786,59.9,4.5,mb,,112,2.084,0.98,us,us10004r0h,2016-02-19T18:55:26.715Z,"110km ENE of Tobelo, Indonesia",earthquake,9.2,8.2,0.095,33,reviewed,us,us
2016-02-19T08:13:27.220Z,39.2524,143.5789,29.42,4.5,mb,,151,2.586,0.76,us,us10004qzw,2016-02-19T16:16:04.308Z,"142km E of Yamada, Japan",earthquake,8.7,6.9,0.108,25,reviewed,us,us
2016-02-19T05:33:09.170Z,-30.5696,-71.5703,30.21,5.2,mb,,138,0.117,0.91,us,us10004qzj,2016-02-19T18:35:59.000Z,"35km W of Ovalle, Chile",earthquake,2.5,7.1,0.094,38,reviewed,us,us
2016-02-19T05:29:27.320Z,-15.6336,-177.5251,411.57,4.6,mb,,106,4.729,0.77,us,us10004qzk,2016-02-19T13:32:11.253Z,"162km SSE of Sigave, Wallis and Futuna",earthquake,13.6,8.6,0.081,46,reviewed,us,us
2016-02-19T05:16:17.730Z,-31.3773,-178.2794,41.48,4.8,mb,,125,2.146,0.9,us,us10004qzg,2016-02-19T13:18:50.656Z,"59km E of L'Esperance Rock, New Zealand",earthquake,10.8,8.9,0.102,30,reviewed,us,us
2016-02-19T04:42:39.030Z,13.798,-88.843,198.6,5,mb,,68,0.393,1.13,us,us10004qz4,2016-02-19T12:45:25.272Z,"7km N of San Sebastian, El Salvador",earthquake,7.8,6.6,0.031,329,reviewed,us,us
2016-02-19T01:50:18.950Z,35.6346,140.243,53.18,4.5,mb,,113,0.596,1.14,us,us10004qya,2016-02-24T04:35:49.977Z,"6km WSW of Yachimata, Japan",earthquake,6.4,6.2,0.087,39,reviewed,us,us
2016-02-19T01:47:03.720Z,-45.3383,-77.7826,16.16,4.8,mb,,103,3.986,1.02,us,us10004qyl,2016-02-19T09:49:33.832Z,"Off the coast of Aisen, Chile",earthquake,12.1,4.5,0.093,37,reviewed,us,us
2016-02-18T20:47:36.530Z,-5.5248,152.751,10,4.9,mb,,95,1.448,0.68,us,us10004qw5,2016-02-19T04:50:19.959Z,"121km SSW of Taron, Papua New Guinea",earthquake,9.1,1.9,0.071,62,reviewed,us,us
2016-02-18T20:29:39.590Z,17.2065,60.0756,10,5,mb,,115,7.506,1.04,us,us10004qvv,2016-02-19T04:33:06.220Z,"Owen Fracture Zone region",earthquake,7.2,1.7,0.056,101,reviewed,us,us
2016-02-18T17:49:22.060Z,12.411,123.6619,10,4.6,mb,,132,5.633,0.78,us,us10004qt7,2016-02-19T01:51:52.366Z,"6km NE of Masbate, Philippines",earthquake,4.1,1.9,0.088,39,reviewed,us,us
2016-02-18T17:36:13.440Z,-5.3522,152.5985,42.22,4.8,mb,,115,1.232,0.75,us,us10004qsz,2016-02-19T01:38:50.346Z,"109km SSW of Taron, Papua New Guinea",earthquake,10.4,8.8,0.088,40,reviewed,us,us
2016-02-18T16:38:58.050Z,6.5318,126.9743,92.45,4.8,mb,,84,1.485,0.83,us,us10004qsr,2016-02-19T17:03:57.000Z,"80km ESE of Bobon, Philippines",earthquake,7.8,5.9,0.044,159,reviewed,us,us
2016-02-18T11:14:17.900Z,-3.0947,129.4852,43.39,4.5,mb,,75,2.765,1.26,us,us10004qrp,2016-02-18T19:16:51.542Z,"68km ENE of Amahai, Indonesia",earthquake,8.7,8.8,0.111,24,reviewed,us,us
2016-02-18T09:55:14.270Z,48.9438,154.8815,70.31,4.8,mb,,136,4.532,0.63,us,us10004qrg,2016-02-18T17:57:47.164Z,"212km SSW of Severo-Kuril'sk, Russia",earthquake,3.8,7.1,0.057,96,reviewed,us,us
2016-02-18T09:18:42.230Z,-20.3165,-69.2314,102.75,4.5,mb,,48,0.189,0.76,us,us10004qra,2016-02-18T10:01:11.143Z,"95km E of Iquique, Chile",earthquake,5.9,4.5,0.113,23,reviewed,us,us
2016-02-18T01:18:33.740Z,23.0296,120.9179,10,4.7,mwr,,91,0.258,0.94,us,us10004qp8,2016-02-18T08:30:35.794Z,"37km NW of Taitung City, Taiwan",earthquake,2,1.9,0.063,24,reviewed,us,us
2016-02-18T01:09:41.380Z,23.0544,120.9381,10,4.9,mwr,,88,0.269,1.22,us,us10004qp3,2016-02-18T01:56:33.109Z,"38km NNW of Taitung, Taiwan",earthquake,2.2,1.9,0.066,22,reviewed,us,us
2016-02-18T01:07:14.070Z,-56.2123,-27.6226,119.26,5.8,mb,,51,5.427,1.05,us,us10004qp2,2016-02-21T03:56:17.000Z,"60km NNW of Visokoi Island, South Georgia and the South Sandwich Islands",earthquake,9.6,5.2,0.065,86,reviewed,us,us
2016-02-17T23:58:06.200Z,39.046,71.2398,46.67,4.7,mb,,53,1.987,1.21,us,us10004qnt,2016-02-18T08:00:50.757Z,"32km SW of Karakenja, Tajikistan",earthquake,6,4,0.072,58,reviewed,us,us
2016-02-17T19:26:55.580Z,-3.5193,101.4879,58.52,4.7,mb,,100,3.264,0.67,us,us10004qkp,2016-02-18T03:29:33.908Z,"91km WNW of Bengkulu, Indonesia",earthquake,6.5,8.5,0.093,35,reviewed,us,us
2016-02-17T17:34:08.450Z,5.3868,94.4684,48.43,4.8,mb,,154,2.473,0.6,us,us200050wg,2016-02-18T01:36:35.910Z,"96km WSW of Banda Aceh, Indonesia",earthquake,4.4,8.4,0.088,40,reviewed,us,us
2016-02-17T17:26:02.320Z,0.8451,129.0729,10,6,mww,,22,1.707,0.94,us,us200050wc,2016-02-18T01:28:36.546Z,"153km SE of Tobelo, Indonesia",earthquake,6.7,1.7,,,reviewed,us,us
2016-02-17T15:48:17.950Z,7.0912,126.7737,71.14,4.7,mb,,93,1.185,0.83,us,us200050w2,2016-02-18T00:10:14.319Z,"29km ESE of Manay, Philippines",earthquake,9.6,7.8,0.074,55,reviewed,us,us
2016-02-17T15:26:29.330Z,-13.0968,66.5899,10,4.7,mb,,81,19.508,1.08,us,us200050vz,2016-02-17T23:31:33.803Z,"Mid-Indian Ridge",earthquake,9.6,1.9,0.102,29,reviewed,us,us
2016-02-17T11:15:24.080Z,-20.865,-175.267,10,4.9,mb,,101,5.328,0.95,us,us200050u6,2016-02-17T19:20:19.390Z,"30km NNW of Nuku`alofa, Tonga",earthquake,5.9,1.8,0.088,40,reviewed,us,us
2016-02-17T10:54:11.520Z,-31.1931,-71.6642,41.11,4.8,mb,,137,0.518,0.86,us,us200050u4,2016-02-17T18:56:54.223Z,"67km NW of Illapel, Chile",earthquake,6.7,6.7,0.131,18,reviewed,us,us
2016-02-17T08:47:48.050Z,-21.2593,-177.9893,474.64,4.7,mb,,97,5.114,0.52,us,us200050tu,2016-02-17T16:50:21.137Z,"100km SE of Ndoi Island, Fiji",earthquake,15.1,11.3,0.101,30,reviewed,us,us
2016-02-17T07:44:24.630Z,-30.5519,-177.6173,10,5.1,mb,,121,1.33,1.39,us,us200050ti,2016-02-17T15:46:56.053Z,"145km S of Raoul Island, New Zealand",earthquake,9.7,1.8,0.065,76,reviewed,us,us
2016-02-17T07:32:11.940Z,4.7328,127.8612,71.49,4.8,mb,,144,3.965,0.49,us,us200050td,2016-02-17T15:34:45.905Z,"259km SE of Pondaguitan, Philippines",earthquake,6.8,9,0.103,29,reviewed,us,us
2016-02-17T05:31:23.120Z,-4.6203,152.5368,58.3,4.7,mb,,101,0.565,0.59,us,us200050t6,2016-02-17T13:33:52.735Z,"42km SE of Kokopo, Papua New Guinea",earthquake,10.2,8.1,0.091,37,reviewed,us,us
2016-02-16T23:48:35.010Z,-55.8203,-125.1795,10,6,mwb,,72,30.876,1.27,us,us200050pj,2016-02-17T16:02:50.000Z,"Southern East Pacific Rise",earthquake,13.7,1.8,0.048,42,reviewed,us,us
2016-02-16T23:06:56.990Z,26.3655,93.4149,10,4.7,mb,,96,1.613,0.63,us,us200050p4,2016-02-17T02:24:16.094Z,"34km SSW of Bokakhat, India",earthquake,7,1.9,0.092,36,reviewed,us,us
2016-02-16T23:04:26.900Z,37.2023,-118.4035,15.1,4.8,Mw,52,104.4,0.1176793,0.07,nc,nc72592670,2016-02-24T02:49:48.937Z,"10km WNW of Big Pine, California",earthquake,0.3,0.6,,6,reviewed,nc,nc
2016-02-16T22:23:50.880Z,-15.6514,-72.9166,87.28,4.5,mb,,134,3.657,1.23,us,us200050nh,2016-02-17T11:55:32.994Z,"74km SW of Orcopampa, Peru",earthquake,9.2,9.1,0.113,23,reviewed,us,us
2016-02-16T21:29:45.440Z,-10.1471,111.5315,44.43,4.5,mb,,98,2.433,0.77,us,us200050n4,2016-02-17T05:32:17.732Z,"205km S of Ngulung Wetan, Indonesia",earthquake,9.2,9.6,0.132,17,reviewed,us,us
2016-02-16T20:05:22.340Z,-33.031,-15.8741,10,4.8,mb,,86,32.892,0.56,us,us10004r1r,2016-02-19T20:19:04.484Z,"Southern Mid-Atlantic Ridge",earthquake,11.7,1.5,0.149,14,reviewed,us,us
2016-02-16T19:07:15.120Z,-4.6583,152.6329,49.32,5,mb,,74,0.659,1.32,us,us200050mj,2016-02-19T18:44:00.412Z,"49km WSW of Taron, Papua New Guinea",earthquake,3.9,5.4,0.047,141,reviewed,us,us
2016-02-16T17:45:40.780Z,-14.3114,172.3997,618.29,4.5,mb,,108,5.149,0.68,us,us200050m6,2016-02-17T20:02:10.913Z,"Vanuatu region",earthquake,17,13.4,0.109,25,reviewed,us,us
2016-02-16T17:41:27.130Z,-3.5993,131.2897,37.63,4.5,mb,,65,4.354,0.92,us,us200050m3,2016-02-17T19:54:39.509Z,"265km E of Amahai, Indonesia",earthquake,8.9,6.3,0.086,39,reviewed,us,us
2016-02-16T16:50:52.090Z,-30.2238,-71.3306,49.67,4.5,mb,,156,0.314,0.88,us,us200050lr,2016-02-17T00:53:36.390Z,"30km S of Coquimbo, Chile",earthquake,8,8.1,0.543,1,reviewed,us,us
2016-02-16T15:27:19.120Z,-18.1025,-175.0637,246.63,4.8,mb,,70,4.967,0.99,us,us200050kq,2016-02-16T23:29:51.275Z,"129km WNW of Neiafu, Tonga",earthquake,10.1,7.5,0.06,86,reviewed,us,us
2016-02-16T15:05:48.680Z,-7.2494,106.9886,126.71,4.8,mb,,63,3.431,1.15,us,us200050kh,2016-02-16T23:09:22.560Z,"0km ESE of Babakan, Indonesia",earthquake,7.2,6.7,0.065,73,reviewed,us,us
2016-02-16T12:01:42.600Z,15.5705,-104.8367,56.75,4.8,mb,,198,5.317,1.07,us,us200050j5,2016-02-16T20:04:21.333Z,"Off the coast of Michoacan, Mexico",earthquake,11.3,8.2,0.033,291,reviewed,us,us
2016-02-16T10:46:27.440Z,-16.4854,-73.6362,10.37,5.4,mb,,132,3.661,1.14,us,us200050iw,2016-02-17T15:42:38.000Z,"99km W of Camana, Peru",earthquake,7.5,4.2,0.03,389,reviewed,us,us
2016-02-16T05:14:55.690Z,2.274,125.3654,133.95,4.6,mb,,87,2.495,1.11,us,us200050ht,2016-02-16T13:18:06.190Z,"93km NNE of Bitung, Indonesia",earthquake,9,8,0.091,36,reviewed,us,us
2016-02-16T04:04:56.830Z,23.0176,121.0442,10,4.8,mb,,96,0.201,1.1,us,us200050he,2016-02-16T12:07:27.693Z,"30km NNW of Taitung City, Taiwan",earthquake,6.6,1.9,0.061,84,reviewed,us,us
2016-02-16T02:46:01.220Z,22.9822,121.0726,10,4.6,mb,,97,0.163,1.23,us,us200050h7,2016-02-16T03:05:28.807Z,"25km NNW of Taitung City, Taiwan",earthquake,7,1.9,0.107,26,reviewed,us,us
2016-02-15T21:53:30.850Z,1.2427,-85.2811,10,4.6,mb,,85,5.354,0.87,us,us200050fd,2016-02-23T05:53:37.072Z,"Off the coast of Ecuador",earthquake,7.9,1.9,0.058,89,reviewed,us,us
2016-02-15T21:25:59.570Z,-8.2306,159.278,53.16,4.7,mb,,52,1.37,0.83,us,us200050fa,2016-02-23T05:36:34.080Z,"33km SE of Dadali, Solomon Islands",earthquake,10.1,7.3,0.075,54,reviewed,us,us
2016-02-15T19:28:04.190Z,-49.0461,164.4826,10,5.9,mww,,49,3.242,0.83,us,us200050ei,2016-02-23T00:18:46.909Z,"220km NNW of Auckland Island, New Zealand",earthquake,5,1.7,,,reviewed,us,us
2016-02-15T18:55:02.080Z,37.5636,21.7803,29.07,5.3,mww,,37,0.401,1.12,us,us200050cf,2016-02-23T17:05:05.125Z,"14km NE of Zakharo, Greece",earthquake,5.7,3.9,,,reviewed,us,us
2016-02-15T15:02:32.940Z,-20.9773,-175.4802,10,5.9,mwb,,47,5.552,0.65,us,us200050a6,2016-02-16T21:14:14.000Z,"33km WNW of Nuku`alofa, Tonga",earthquake,3.3,1.8,0.036,73,reviewed,us,us
2016-02-15T01:06:13.050Z,-30.3042,-177.6382,35,4.6,mb,,188,1.085,0.92,us,us10004qt9,2016-02-23T04:26:52.634Z,"117km SSE of Raoul Island, New Zealand",earthquake,10.6,2,0.146,14,reviewed,us,us
2016-02-14T19:12:22.230Z,24.8377,123.3064,43.98,4.8,mb,,149,0.456,0.76,us,us2000506f,2016-02-15T03:14:56.186Z,"51km NE of Yonakuni, Japan",earthquake,11.4,8.1,0.148,14,reviewed,us,us
2016-02-14T18:09:26.460Z,30.3018,138.8501,412.8,5.7,mb,,93,2.922,0.88,us,us2000505t,2016-02-17T15:43:18.000Z,"Izu Islands, Japan region",earthquake,10.2,9.1,0.064,88,reviewed,us,us
2016-02-14T17:17:28.500Z,12.1488,-88.0554,58.73,4.5,mb,,194,1.122,0.91,us,us2000505p,2016-02-15T01:20:14.459Z,"93km SW of Jiquilillo, Nicaragua",earthquake,8.7,12.4,0.104,27,reviewed,us,us
2016-02-14T16:33:20.300Z,12.089,-88.1427,10,4.6,mb,,188,1.226,0.64,us,us2000505a,2016-02-15T00:35:50.197Z,"104km SW of Jiquilillo, Nicaragua",earthquake,2.9,1.9,0.059,85,reviewed,us,us
2016-02-14T15:26:28.140Z,-1.0127,-13.7302,10,4.9,mb,,60,6.902,1,us,us20005055,2016-02-14T23:29:08.056Z,"North of Ascension Island",earthquake,10.4,1.9,0.083,46,reviewed,us,us
2016-02-14T14:51:29.620Z,43.0844,17.4261,10,4.5,mb,,24,1.501,0.99,us,us20005051,2016-02-14T22:54:04.695Z,"10km WNW of Komin, Croatia",earthquake,3.7,1.9,0.1,29,reviewed,us,us
2016-02-14T07:33:50.000Z,56.624,-156.4177,56,4.5,ml,159,75.5999939520005,,0.77,ak,ak12813055,2016-02-24T00:14:07.833Z,"99km NNW of Chirikof Island, Alaska",earthquake,0.4,0.8,,,reviewed,ak,ak
2016-02-14T07:10:45.400Z,-17.3955,-171.8211,18.99,5.3,mb,,31,2.456,1.06,us,us2000502w,2016-02-14T15:13:55.851Z,"260km SE of Hihifo, Tonga",earthquake,6.9,3.2,0.038,233,reviewed,us,us
2016-02-14T00:13:43.380Z,-43.5026,172.8427,8.23,5.8,mb,,88,0.245,1.12,us,us20005019,2016-02-16T01:03:26.324Z,"17km ENE of Christchurch, New Zealand",earthquake,4.2,4,0.072,71,reviewed,us,us
2016-02-13T20:45:37.360Z,-9.5228,108.529,31.37,5.1,mb,,89,2.538,1.32,us,us20005005,2016-02-14T04:48:22.168Z,"189km S of Sindangsari, Indonesia",earthquake,7,4.8,0.073,61,reviewed,us,us
2016-02-13T20:31:47.960Z,56.1951,111.9763,21.64,5,mb,,55,8.874,0.78,us,us20005001,2016-02-14T04:34:18.556Z,"17km ENE of Novyy Uoyan, Russia",earthquake,8.6,4.6,0.037,235,reviewed,us,us
2016-02-13T20:14:34.050Z,10.5816,125.2361,213.33,5.1,mb,,159,3.506,0.68,us,us20004zzx,2016-02-14T04:17:05.557Z,"5km E of Hingatungan, Philippines",earthquake,11.1,10.2,0.095,36,reviewed,us,us
2016-02-13T19:59:17.790Z,5.4205,126.4824,87.7,4.6,mb,,93,1.868,0.8,us,us20004zzv,2016-02-14T04:01:44.305Z,"108km ESE of Caburan, Philippines",earthquake,5.3,7,0.063,74,reviewed,us,us
2016-02-13T19:40:21.130Z,36.7048,71.4047,147.4,4.5,mb,,61,0.785,1.27,us,us20004zzk,2016-02-14T03:42:56.961Z,"11km WNW of Ashkasham, Afghanistan",earthquake,6.2,5.1,0.066,67,reviewed,us,us
2016-02-13T17:07:06.000Z,36.4846,-98.7257,8.27,5.1,mww,,17,0.223,1.22,us,us20004zy8,2016-02-21T12:16:51.249Z,"32km NW of Fairview, Oklahoma",earthquake,3,3.7,,,reviewed,us,us
2016-02-13T03:46:45.910Z,-17.0108,-70.9129,114.36,5.2,mb,,128,1.458,1.62,us,us20004zwj,2016-02-13T19:18:24.000Z,"10km NW of Torata, Peru",earthquake,7.5,6.8,0.036,256,reviewed,us,us
2016-02-13T00:59:21.680Z,6.7455,123.7902,581.42,4.7,mb,,44,1.805,0.64,us,us20004zvx,2016-02-13T09:02:05.753Z,"26km WSW of Gadung, Philippines",earthquake,8.5,6.5,0.051,116,reviewed,us,us
2016-02-12T22:32:04.170Z,-19.9191,-70.2961,63.64,4.5,mwr,,155,0.382,1.18,us,us20004zv5,2016-02-13T21:13:30.339Z,"37km NNW of Iquique, Chile",earthquake,4.2,6.7,0.047,43,reviewed,us,us
2016-02-12T20:56:50.050Z,-11.3156,162.7673,9.2,5.1,mb,,84,3.342,1.21,us,us20004zu2,2016-02-13T20:43:42.040Z,"132km SE of Kirakira, Solomon Islands",earthquake,9.1,3.7,0.084,46,reviewed,us,us
2016-02-12T20:41:09.740Z,-7.9493,122.9825,248.26,4.6,mb,,48,1.004,1.29,us,us20004zts,2016-02-13T04:43:53.446Z,"65km NNE of Palue, Indonesia",earthquake,8.2,7.1,0.095,33,reviewed,us,us
2016-02-12T19:19:31.510Z,-11.2148,164.072,35.78,5.1,mb,,87,4.425,0.86,us,us20004zt7,2016-02-13T16:16:22.232Z,"200km WSW of Lata, Solomon Islands",earthquake,8.6,7.4,0.049,135,reviewed,us,us
2016-02-12T18:11:44.830Z,24.8811,123.3898,29.59,4.8,mb,,37,0.537,0.82,us,us20004zsk,2016-02-13T15:04:13.474Z,"60km NE of Yonakuni, Japan",earthquake,6.9,3.8,0.059,89,reviewed,us,us
2016-02-12T15:19:01.890Z,-6.1042,146.7455,57.03,4.8,mb,,46,3.304,0.82,us,us20004zqm,2016-02-12T23:21:41.434Z,"73km NNW of Lae, Papua New Guinea",earthquake,6.4,7.7,0.09,38,reviewed,us,us
2016-02-12T14:09:20.440Z,-16.5514,-173.8165,13.17,4.9,mb,,54,3.282,0.9,us,us20004zq7,2016-02-12T22:11:57.627Z,"66km S of Hihifo, Tonga",earthquake,8,4.9,0.049,132,reviewed,us,us
2016-02-12T12:59:31.190Z,27.084,127.5359,90.82,4.5,mb,,68,0.702,0.83,us,us20004zq1,2016-02-13T07:42:30.766Z,"70km NW of Nago, Japan",earthquake,3.5,8.3,0.082,44,reviewed,us,us
2016-02-12T10:02:23.650Z,-9.7443,119.4511,28,6.3,mww,,49,2.963,1.36,us,us20004zp9,2016-02-14T08:28:09.133Z,"2km S of Lahihagalang, Indonesia",earthquake,6.3,1.8,,,reviewed,us,us
2016-02-12T06:50:29.820Z,-16.362,-72.5505,58.54,4.6,mb,,150,2.905,0.85,us,us20004znt,2016-02-13T04:04:32.448Z,"33km NNE of Camana, Peru",earthquake,3.5,11.9,0.141,15,reviewed,us,us
2016-02-11T23:46:34.290Z,-4.903,152.4479,50.82,4.9,mb,,80,0.726,0.88,us,us20004zma,2016-02-21T02:06:08.029Z,"64km SSE of Kokopo, Papua New Guinea",earthquake,7.4,6,0.05,124,reviewed,us,us
2016-02-11T20:04:09.460Z,-31.2981,-68.7035,114,4.5,mb,,42,0.247,0.84,us,us20004zk3,2016-02-12T07:36:31.644Z,"22km NW of Albardon, Argentina",earthquake,7.4,6.4,0.067,66,reviewed,us,us
2016-02-11T17:00:32.920Z,-25.6731,-13.7383,10.99,5.2,mb,,120,28.964,1.01,us,us20004zj3,2016-02-12T01:03:01.643Z,"Southern Mid-Atlantic Ridge",earthquake,12.8,4.2,0.064,81,reviewed,us,us
2016-02-11T13:47:13.780Z,-16.938,-173.3595,47.64,4.8,mb,,80,3.375,1,us,us20004zhi,2016-02-11T21:49:44.303Z,"117km SSE of Hihifo, Tonga",earthquake,9.2,7.4,0.062,81,reviewed,us,us
2016-02-11T13:10:58.340Z,43.4902,82.7538,18.61,4.9,mb,,74,3.319,0.77,us,us20004zh6,2016-02-11T21:13:38.588Z,"129km ESE of Yining Xian, China",earthquake,8.2,4.4,0.083,46,reviewed,us,us
2016-02-11T07:14:36.810Z,6.7887,-73.032,165.02,4.8,mb,,42,1.469,1.34,us,us20004zge,2016-02-11T15:17:13.050Z,"10km N of Aratoca, Colombia",earthquake,5.3,8.2,0.097,33,reviewed,us,us
2016-02-11T07:02:23.370Z,3.9596,-82.7302,10,4.8,mb,,82,4.46,1.13,us,us20004zgd,2016-02-11T15:05:06.142Z,"South of Panama",earthquake,3.1,1.9,0.1,31,reviewed,us,us
2016-02-11T00:05:43.880Z,-10.1862,119.1527,36.71,4.5,mb,,84,3.411,0.59,us,us20004zen,2016-02-11T08:08:15.162Z,"51km SSW of Bogorawatu, Indonesia",earthquake,6.9,8.5,0.105,27,reviewed,us,us
2016-02-10T21:30:20.300Z,-20.4013,-174.56,41.09,5,mb,,89,4.558,1.33,us,us20004zdp,2016-02-11T05:32:47.935Z,"70km SSW of Pangai, Tonga",earthquake,10.3,6.9,0.071,63,reviewed,us,us
2016-02-10T19:11:48.190Z,-10.1831,161.5868,67.33,5,mb,,89,1.776,0.6,us,us20004zcq,2016-02-11T03:14:33.164Z,"47km NW of Kirakira, Solomon Islands",earthquake,9.6,8.4,0.074,58,reviewed,us,us
2016-02-10T16:54:42.990Z,-31.9877,179.7874,406.05,4.5,mb,,103,3.368,1.1,us,us20004zbe,2016-02-23T02:58:03.700Z,"138km WSW of L'Esperance Rock, New Zealand",earthquake,10.6,5.9,0.087,39,reviewed,us,us
2016-02-10T15:10:33.990Z,-20.229,-174.7023,35,5.4,mb,,19,4.644,1.17,us,us20004zaz,2016-02-23T02:28:14.338Z,"60km SW of Pangai, Tonga",earthquake,4.3,1.9,0.029,402,reviewed,us,us
2016-02-10T12:32:23.580Z,-10.2408,160.8166,46.68,4.8,mb,,110,1.17,0.71,us,us20004z9h,2016-02-10T20:34:59.774Z,"123km W of Kirakira, Solomon Islands",earthquake,6.5,7.8,0.091,37,reviewed,us,us
2016-02-10T11:10:59.330Z,-36.8163,-73.7192,21.94,4.7,mwr,,97,0.43,0.56,us,us20004z99,2016-02-10T12:06:54.459Z,"54km WSW of Talcahuano, Chile",earthquake,5.1,4.7,0.045,47,reviewed,us,us
2016-02-10T08:35:34.850Z,-16.4058,66.8889,10,4.7,mb,,111,16.166,1.3,us,us20004z8y,2016-02-10T16:38:12.176Z,"Mid-Indian Ridge",earthquake,9.6,1.8,0.112,29,reviewed,us,us
2016-02-10T01:14:06.380Z,-30.676,-71.6542,33.84,5.1,mwr,,138,0.016,1.4,us,us20004z6p,2016-02-23T01:20:41.933Z,"44km WSW of Ovalle, Chile",earthquake,5.1,3.1,,,reviewed,us,guc
2016-02-10T01:12:16.400Z,36.53,3.0856,11.22,4.7,mb,,72,3.434,0.97,us,us20004z5z,2016-02-18T01:42:37.483Z,"1km SSE of Bougara, Algeria",earthquake,3.7,4,0.066,69,reviewed,us,us
2016-02-10T01:04:36.970Z,-30.633,-71.5663,29.69,4.8,mb,,94,0.071,0.68,us,us20004z5t,2016-02-23T01:16:43.502Z,"35km W of Ovalle, Chile",earthquake,6.1,4.6,0.153,13,reviewed,us,us
2016-02-10T00:59:55.990Z,-30.6031,-71.6034,21.41,4.7,mb,,126,0.075,0.78,us,us20004z5s,2016-02-23T01:10:38.153Z,"38km W of Ovalle, Chile",earthquake,3.9,4.3,0.097,32,reviewed,us,us
2016-02-10T00:52:58.220Z,-30.6644,-71.5828,30.3,4.8,mb,,49,0.045,0.86,us,us20004z5p,2016-02-23T01:04:22.953Z,"37km WSW of Ovalle, Chile",earthquake,5,4.4,0.125,20,reviewed,us,us
2016-02-10T00:47:09.280Z,-30.5812,-71.6663,28.79,5,mb,,183,0.096,1.01,us,us20004z5r,2016-02-23T01:21:34.685Z,"44km W of Ovalle, Chile",earthquake,4.4,5.1,0.162,12,reviewed,us,us
2016-02-10T00:34:01.390Z,-19.6172,-172.9109,27.7,5,mb,,87,2.868,0.79,us,us20004z5g,2016-02-22T22:38:58.439Z,"152km E of Pangai, Tonga",earthquake,9.8,5.7,0.097,34,reviewed,us,us
2016-02-10T00:33:05.540Z,-30.5784,-71.5925,29,6.3,mww,,45,0.101,0.85,us,us20004z5b,2016-02-19T05:09:00.667Z,"37km W of Ovalle, Chile",earthquake,4.5,1.7,,,reviewed,us,us
2016-02-09T23:41:53.220Z,-6.6912,155.4338,20.91,4.6,mb,,125,4.094,0.78,us,us20004zrg,2016-02-19T04:44:53.398Z,"41km S of Panguna, Papua New Guinea",earthquake,12.8,7.6,0.105,27,reviewed,us,us
2016-02-09T22:37:27.530Z,-22.6558,-66.7913,199.8,4.6,mb,,32,1.959,1.03,us,us20004z4g,2016-02-10T06:40:11.650Z,"112km W of Abra Pampa, Argentina",earthquake,4.5,7.2,0.045,148,reviewed,us,us
2016-02-09T22:35:57.620Z,-16.0085,-172.7268,10,4.7,mb,,115,2.279,1.39,us,us20004z4j,2016-02-10T06:38:25.836Z,"109km E of Hihifo, Tonga",earthquake,5.4,1.9,0.118,22,reviewed,us,us
2016-02-09T21:26:50.260Z,15.9326,-92.2488,212.28,4.9,mb,,130,0.363,1.04,us,us20004z3q,2016-02-10T05:29:30.356Z,"18km N of Chicomuselo, Mexico",earthquake,9,5.7,0.031,317,reviewed,us,us
2016-02-09T14:10:44.300Z,47.8362,153.9583,73.51,4.8,mb,,132,5.792,0.64,us,us20004z0s,2016-02-09T22:13:14.113Z,"Kuril Islands",earthquake,8.4,7.4,0.039,207,reviewed,us,us
2016-02-09T13:50:42.790Z,2.1125,66.8223,10,5,mb,,110,6.377,1.19,us,us20004z0r,2016-02-09T21:53:23.271Z,"Carlsberg Ridge",earthquake,10.5,1.9,0.067,71,reviewed,us,us
2016-02-09T12:28:44.800Z,-57.874,-26.0044,69.61,5.2,mb,,82,6.881,0.67,us,us20004z0a,2016-02-09T20:31:28.549Z,"132km NNE of Bristol Island, South Sandwich Islands",earthquake,8.6,6.6,0.061,88,reviewed,us,us
2016-02-09T12:12:59.250Z,11.1366,-86.7727,38.94,5,mb,,158,1.173,1.06,us,us20004z02,2016-02-09T19:56:33.222Z,"77km SSW of Masachapa, Nicaragua",earthquake,6.7,9.8,0.062,84,reviewed,us,us
2016-02-09T12:12:07.220Z,51.3038,179.6993,57.1,5.3,mb,,106,2.039,1.13,us,us20004z01,2016-02-17T19:16:41.814Z,"72km S of Semisopochnoi Island, Alaska",earthquake,8.6,6.7,0.027,476,reviewed,us,us
2016-02-09T08:18:58.300Z,-15.5061,-73.2766,73.07,4.8,mb,,100,4,0.72,us,us20004yyb,2016-02-21T13:28:00.393Z,"75km SE of Coracora, Peru",earthquake,8.6,6.1,0.083,45,reviewed,us,us
2016-02-09T08:14:18.710Z,1.1492,123.8419,19.74,4.6,mb,,96,3.059,0.83,us,us20004yyc,2016-02-21T13:17:40.767Z,"35km NNW of Lolak, Indonesia",earthquake,10.1,5.5,0.109,25,reviewed,us,us
2016-02-09T07:37:14.360Z,74.1611,-71.6817,14.89,4.5,mb,,43,2.497,0.7,us,us20004yy2,2016-02-21T10:48:53.677Z,"257km NE of Pond Inlet, Canada",earthquake,7.7,4.5,0.064,71,reviewed,us,us
2016-02-09T07:22:44.580Z,28.2928,-43.7599,10,5,mb,,101,29.886,0.67,us,us20004yxy,2016-02-21T10:44:42.160Z,"Northern Mid-Atlantic Ridge",earthquake,6.7,1.8,0.052,117,reviewed,us,us
2016-02-09T07:19:31.760Z,28.3051,-43.6161,10,5.3,mb,,103,19.771,1.01,us,us20004yxx,2016-02-21T10:38:54.118Z,"Northern Mid-Atlantic Ridge",earthquake,11.3,1.8,0.044,169,reviewed,us,us
2016-02-09T05:03:20.080Z,-4.7627,149.7142,601.32,4.9,mb,,57,2.507,0.71,us,us20004yxn,2016-02-09T13:05:54.392Z,"99km NNW of Kimbe, Papua New Guinea",earthquake,9.5,9.8,0.064,77,reviewed,us,us
2016-02-09T02:29:02.720Z,30.6371,86.123,40.24,4.6,mb,,153,7.15,0.96,us,us20004yx3,2016-02-09T10:31:45.662Z,"102km SE of Maindong, China",earthquake,10.7,10,0.102,29,reviewed,us,us
2016-02-09T00:47:01.430Z,23.8896,121.7131,10,4.9,mwr,,76,0.302,0.85,us,us20004ywk,2016-02-19T01:52:56.332Z,"14km SE of Hualian, Taiwan",earthquake,5.8,1.8,0.066,22,reviewed,us,us
2016-02-09T00:40:10.930Z,28.3489,-43.7533,10,4.8,mb,,101,19.685,0.71,us,us20004ywj,2016-02-21T23:58:43.170Z,"Northern Mid-Atlantic Ridge",earthquake,12.1,1.9,0.05,121,reviewed,us,us
2016-02-09T00:39:00.640Z,-42.1199,173.0747,53.72,5.2,mwr,,59,0.378,1.16,us,us20004ywf,2016-02-19T01:30:55.727Z,"59km WNW of Kaikoura, New Zealand",earthquake,3,3.4,0.047,44,reviewed,us,us
2016-02-08T23:26:45.570Z,28.3826,-43.7664,10,5.3,mb,,53,20.482,0.59,us,us20004yvv,2016-02-21T00:58:48.563Z,"Northern Mid-Atlantic Ridge",earthquake,10.5,1.8,0.029,409,reviewed,us,us
2016-02-08T23:03:26.190Z,28.3818,-43.7644,10,5.4,mb,,45,19.692,0.88,us,us20004yvg,2016-02-21T00:55:34.043Z,"Northern Mid-Atlantic Ridge",earthquake,9.7,1.7,0.023,657,reviewed,us,us
2016-02-08T22:50:24.900Z,28.2969,-43.78,10,4.9,mb,,101,20.434,0.57,us,us20004yvn,2016-02-19T04:35:03.966Z,"Northern Mid-Atlantic Ridge",earthquake,11.1,1.9,0.077,53,reviewed,us,us
2016-02-08T21:16:07.880Z,19.5748,-97.4027,34.73,4.7,mb,,123,1.692,1.01,us,us20004yuq,2016-02-18T01:22:12.477Z,"17km W of Perote, Mexico",earthquake,7.5,5.5,0.071,60,reviewed,us,us
2016-02-08T20:59:35.430Z,-19.306,-172.8159,41.97,5.3,mb,,26,8.8,1.35,us,us20004yui,2016-02-09T05:02:17.228Z,"142km ESE of Neiafu, Tonga",earthquake,11.3,6,0.035,267,reviewed,us,us
2016-02-08T20:39:45.690Z,28.3124,-43.831,10,5,mb,,93,29.846,0.76,us,us20004yum,2016-02-10T17:41:52.362Z,"Northern Mid-Atlantic Ridge",earthquake,8.6,1.8,0.04,202,reviewed,us,us
2016-02-08T16:19:13.090Z,-6.6214,154.7073,31.62,6.4,mww,,11,5.895,0.63,us,us20004yr0,2016-02-09T00:21:41.627Z,"92km WSW of Panguna, Papua New Guinea",earthquake,7.1,3.3,,,reviewed,us,us
2016-02-08T15:35:43.430Z,37.0034,14.8933,10,4.6,mb,,153,0.477,1.04,us,us20004yqw,2016-02-08T23:38:19.589Z,"6km S of Palazzolo Acreide, Italy",earthquake,7,1.9,0.103,28,reviewed,us,us
2016-02-08T15:25:14.880Z,5.9587,126.4802,99.75,4.5,mb,,118,1.421,0.95,us,us20004yqr,2016-02-08T17:44:27.205Z,"55km SE of Pondaguitan, Philippines",earthquake,9.5,7,0.085,41,reviewed,us,us
2016-02-08T12:13:19.410Z,-32.074,-71.9747,22.2,4.7,mb,,115,0.988,0.91,us,us20004yq6,2016-02-21T08:53:29.414Z,"81km WNW of La Ligua, Chile",earthquake,6.7,4.7,0.147,14,reviewed,us,us
2016-02-08T12:05:54.510Z,-19.2704,168.5789,43.09,4.9,mb,,78,2.258,1.18,us,us20004yq4,2016-02-21T08:44:47.198Z,"78km WNW of Isangel, Vanuatu",earthquake,8.6,6.2,0.071,62,reviewed,us,us
2016-02-08T09:32:07.650Z,-37.8618,-179.7137,10,4.6,mb,,228,1.598,0.59,us,us20004ypd,2016-02-08T17:34:43.205Z,"218km ENE of Gisborne, New Zealand",earthquake,9.9,2,0.182,9,reviewed,us,us
2016-02-08T00:48:32.220Z,-56.258,-27.2862,96.19,4.5,mb,,126,5.62,0.79,us,us20004ziu,2016-02-23T00:00:53.683Z,"49km N of Visokoi Island, South Georgia and the South Sandwich Islands",earthquake,11,10.4,0.171,10,reviewed,us,us
2016-02-08T00:19:31.740Z,-19.4465,-173.0669,23.53,4.8,mb,,48,5.643,1.04,us,us20004ymi,2016-02-19T01:18:25.582Z,"130km SE of Neiafu, Tonga",earthquake,10,4.4,0.091,37,reviewed,us,us
2016-02-07T23:31:10.110Z,27.2437,98.324,16.88,4.5,mb,,80,6.035,0.89,us,us20004ym9,2016-02-23T03:01:55.277Z,"69km SSW of Cikai, China",earthquake,7.4,4.2,0.083,42,reviewed,us,us
2016-02-07T23:02:55.280Z,10.578,127.1679,35,4.6,mb,,111,3.823,0.47,us,us20004zc6,2016-02-22T23:32:40.450Z,"134km ENE of San Isidro, Philippines",earthquake,10.1,2,0.136,16,reviewed,us,us
2016-02-07T20:45:40.810Z,24.2903,123.4745,46.63,4.5,mb,,131,0.457,0.98,us,us20004ylg,2016-02-08T04:48:31.247Z,"51km ESE of Yonakuni, Japan",earthquake,9.8,7.4,0.139,15,reviewed,us,us
2016-02-07T20:05:13.560Z,-22.9784,69.3151,10,4.5,mb,,142,12.715,1.13,us,us20004yl9,2016-02-08T04:07:46.708Z,"Mid-Indian Ridge",earthquake,13.9,1.9,0.125,19,reviewed,us,us
2016-02-07T14:16:56.810Z,36.5279,70.3108,205.91,4.5,mb,,74,0.633,0.55,us,us20004yjp,2016-02-07T22:19:30.858Z,"40km E of Farkhar, Afghanistan",earthquake,6.4,6.3,0.311,3,reviewed,us,us
2016-02-07T10:26:57.680Z,36.0009,139.9797,50.99,4.6,mb,,108,0.286,1.15,us,us20004yin,2016-02-20T13:43:43.071Z,"1km S of Mitsukaido, Japan",earthquake,3.3,5.4,0.055,100,reviewed,us,us
2016-02-07T07:25:39.880Z,14.0863,145.202,90.75,5.1,mb,,58,0.59,0.73,us,us20004yi3,2016-02-07T14:18:50.180Z,"7km S of Rota, Northern Mariana Islands",earthquake,8,5.4,0.038,222,reviewed,us,us
2016-02-07T07:11:45.150Z,-9.0514,158.6616,10,5,mb,,36,1.326,0.79,us,us20004yi0,2016-02-07T15:14:21.557Z,"118km SSW of Dadali, Solomon Islands",earthquake,5,1.8,0.072,62,reviewed,us,us
2016-02-07T02:03:40.400Z,-15.2157,-173.3999,51,5.8,mwb,,41,2.038,0.91,us,us20004yh2,2016-02-09T22:10:15.283Z,"89km NNE of Hihifo, Tonga",earthquake,5.1,1.8,0.038,65,reviewed,us,us
2016-02-07T01:09:48.660Z,36.7777,140.516,4.12,4.6,mb,,128,0.605,0.89,us,us20004ygs,2016-02-07T11:13:06.503Z,"14km E of Daigo, Japan",earthquake,6.1,4.4,0.054,101,reviewed,us,us
2016-02-06T10:12:10.440Z,13.3189,-89.5829,64.22,4.6,mb,,170,0.5,1.18,us,us20004yb8,2016-02-06T18:14:50.090Z,"33km WSW of La Libertad, El Salvador",earthquake,7,7.7,0.057,92,reviewed,us,us
2016-02-06T06:20:22.360Z,-8.9421,-74.497,149.63,4.6,mb,,106,2.143,0.84,us,us20004yaj,2016-02-06T14:22:51.485Z,"61km SSE of Campoverde, Peru",earthquake,8.5,5.4,0.101,29,reviewed,us,us
2016-02-06T04:51:35.900Z,-17.2414,174.9773,10,5.1,mb,,69,2.977,1.08,us,us20004y9m,2016-02-06T12:54:02.692Z,"266km WNW of Nadi, Fiji",earthquake,9.5,1.9,0.05,129,reviewed,us,us
2016-02-06T01:39:18.300Z,-17.0008,174.9465,10,5.5,mb,,46,3.057,0.79,us,us20004y98,2016-02-10T02:59:49.000Z,"276km WNW of Nadi, Fiji",earthquake,7.2,1.7,0.047,157,reviewed,us,us
2016-02-06T00:54:42.500Z,-23.3694,-179.1364,519.17,4.5,mb,,126,9.591,0.68,us,us20004z9w,2016-02-22T06:25:21.531Z,"South of the Fiji Islands",earthquake,13.1,17.1,0.094,33,reviewed,us,us
2016-02-05T23:16:45.170Z,38.2787,141.7152,45.34,4.5,mb,,151,0.837,1.05,us,us20004z28,2016-02-22T00:28:56.942Z,"39km ESE of Ishinomaki, Japan",earthquake,4.4,10.6,0.18,9,reviewed,us,us
2016-02-05T23:01:26.900Z,34.87,25.8125,10,4.7,mb,,52,0.864,1.13,us,us20004y80,2016-02-19T00:58:48.124Z,"17km SSE of Ierapetra, Greece",earthquake,6,1.8,0.053,107,reviewed,us,us
2016-02-05T22:09:12.420Z,24.5018,142.3471,54.71,4.6,mb,,146,2.587,0.55,us,us20004z24,2016-02-22T00:13:37.176Z,"107km ESE of Iwo Jima, Japan",earthquake,10.2,9.6,0.151,13,reviewed,us,us
2016-02-05T20:31:06.310Z,-0.5469,96.996,29.51,4.5,mb,,115,1.927,1.15,us,us20004z2a,2016-02-09T21:49:21.969Z,"231km WNW of Sikabaluan, Indonesia",earthquake,7.5,5.3,0.106,29,reviewed,us,us
2016-02-05T20:11:08.950Z,-5.3383,141.6224,10.22,5.1,mb,,30,2.95,1.01,us,us20004y6q,2016-02-09T21:30:17.077Z,"94km NNE of Kiunga, Papua New Guinea",earthquake,6.4,3.7,0.061,87,reviewed,us,us
2016-02-05T19:57:27.390Z,22.9387,120.5928,23,6.4,mww,,14,0.361,1.21,us,us20004y6h,2016-02-17T06:19:31.522Z,"24km SSE of Yujing, Taiwan",earthquake,4.7,1.7,,,reviewed,us,us
2016-02-05T18:44:56.370Z,-4.4965,153.7612,79.35,4.6,mb,,107,1.621,0.74,us,us20004z21,2016-02-09T18:38:05.338Z,"80km E of Taron, Papua New Guinea",earthquake,8.6,7.8,0.105,29,reviewed,us,us
2016-02-05T17:48:43.180Z,-4.4354,153.6156,96.77,5.1,mb,,27,1.468,0.96,us,us20004y63,2016-02-09T17:27:49.524Z,"64km E of Taron, Papua New Guinea",earthquake,7,5.9,0.047,147,reviewed,us,us
2016-02-05T17:44:45.440Z,-7.8183,-74.5938,146.2,4.7,mb,,72,1.873,1.02,us,us20004y62,2016-02-13T14:57:01.217Z,"62km N of Pucallpa, Peru",earthquake,6.7,3.4,0.056,96,reviewed,us,us
2016-02-05T16:20:11.640Z,27.8396,85.2486,25.95,5.2,mb,,145,0.139,1.16,us,us20004y4t,2016-02-08T14:52:03.261Z,"16km NNW of Kathmandu, Nepal",earthquake,8.2,5.7,0.082,49,reviewed,us,us
2016-02-05T14:12:19.670Z,-19.0752,169.0573,107.78,4.9,mb,,68,2.406,1.35,us,us20004y2m,2016-02-19T10:42:35.717Z,"56km NNW of Isangel, Vanuatu",earthquake,7.1,6,0.069,67,reviewed,us,us
2016-02-05T13:42:12.160Z,-18.7963,168.2547,42.45,4.8,mb,,69,2.189,0.76,us,us20004y2i,2016-02-19T09:50:14.127Z,"117km S of Port-Vila, Vanuatu",earthquake,8.2,6.4,0.121,21,reviewed,us,us
2016-02-05T10:44:40.050Z,-36.1344,-73.7512,12.9,4.5,mb,,164,1.86,0.75,us,us20004y11,2016-02-05T18:47:10.977Z,"86km NW of Talcahuano, Chile",earthquake,6.5,4.4,0.163,12,reviewed,us,us
2016-02-05T07:05:07.590Z,-20.9542,-67.4469,215.6,4.5,mb,,65,1.792,0.53,us,us20004y08,2016-02-05T15:07:52.089Z,"84km SW of Uyuni, Bolivia",earthquake,8.4,9.8,0.191,8,reviewed,us,us
2016-02-05T07:02:19.610Z,36.3624,139.1131,141.55,4.6,mb,,71,0.75,0.98,us,us20004y07,2016-02-06T07:25:18.721Z,"5km SE of Maebashi-shi, Japan",earthquake,4.2,5.7,0.101,29,reviewed,us,us
2016-02-05T05:28:08.570Z,-31.0814,-71.6656,26.68,4.9,mb,,149,0.407,0.84,us,us20004xzw,2016-02-05T18:59:42.040Z,"69km SW of Ovalle, Chile",earthquake,5.8,5.4,0.062,83,reviewed,us,us
2016-02-05T05:24:40.520Z,-31.074,-71.7623,25.85,5,mb,,144,0.413,0.76,us,us20004xzv,2016-02-05T13:27:23.096Z,"75km SW of Ovalle, Chile",earthquake,4.6,5.2,0.058,94,reviewed,us,us
2016-02-05T05:00:46.800Z,13.7502,122.3733,10,5.2,mb,,89,7.349,0.97,us,us20004xzs,2016-02-05T13:03:27.428Z,"8km ESE of San Francisco, Philippines",earthquake,8.5,1.9,0.054,115,reviewed,us,us
2016-02-05T04:12:56.970Z,-5.3662,151.6315,64.93,4.6,mb,,78,1.282,0.79,us,us20004xzk,2016-02-05T12:15:40.283Z,"132km SSW of Kokopo, Papua New Guinea",earthquake,9.6,9.4,0.103,28,reviewed,us,us
2016-02-04T23:45:35.540Z,19.3267,145.8373,116.85,4.8,mb,,79,4.063,0.52,us,us20004xyk,2016-02-15T02:01:44.820Z,"64km NNE of Agrihan, Northern Mariana Islands",earthquake,8.9,6.9,0.037,230,reviewed,us,us
2016-02-04T22:45:09.690Z,-55.4201,-27.8039,20.58,4.7,mb,,104,5.145,0.46,us,us20004y0g,2016-02-16T04:06:40.940Z,"147km NNW of Visokoi Island, South Georgia and the South Sandwich Islands",earthquake,9.1,6.6,0.118,22,reviewed,us,us
2016-02-04T22:41:37.280Z,13.8264,122.2497,24.44,5.2,mb,,35,1.303,0.81,us,us20004xxv,2016-02-15T00:29:58.750Z,"4km SW of Rosario, Philippines",earthquake,6.9,4.2,0.046,156,reviewed,us,us
2016-02-04T22:19:52.620Z,0.8016,-28.4605,10,4.6,mb,,148,9.927,0.71,us,us20004yzi,2016-02-16T05:07:27.103Z,"Central Mid-Atlantic Ridge",earthquake,6.1,1.9,0.132,17,reviewed,us,us
2016-02-04T17:55:01.110Z,-31.0398,-71.7629,27.24,5,mb,,113,0.381,0.85,us,us20004x4m,2016-02-04T19:55:04.249Z,"72km SW of Ovalle, Chile",earthquake,6.1,4.3,0.041,193,reviewed,us,us
2016-02-04T16:13:04.040Z,1.5866,126.4346,10,5.3,mb,,20,1.234,0.97,us,us20004x3g,2016-02-09T15:47:48.559Z,"136km NW of Kota Ternate, Indonesia",earthquake,6.8,1.7,0.044,175,reviewed,us,us
2016-02-04T15:30:49.830Z,14.2695,93.2464,10,5.1,mb,,46,2.643,0.96,us,us20004x3a,2016-02-09T15:18:16.199Z,"290km NNE of Bamboo Flat, India",earthquake,7,1.7,0.047,144,reviewed,us,us
2016-02-04T12:43:59.920Z,-1.5034,28.3545,10,5.1,mb,,85,2.546,1.34,us,us20004x2l,2016-02-04T13:51:25.087Z,"77km W of Sake, Democratic Republic of the Congo",earthquake,10.8,1.9,0.075,58,reviewed,us,us
2016-02-04T08:54:34.370Z,-30.1702,-177.202,10,4.6,mb,,108,1.118,0.85,us,us20004yzn,2016-02-24T14:32:18.149Z,"120km SSE of Raoul Island, New Zealand",earthquake,8,1.9,0.136,16,reviewed,us,us
2016-02-04T08:52:15.610Z,-30.487,-177.5665,10,5,mb,,82,1.277,1.02,us,us20004x15,2016-02-24T14:27:27.418Z,"139km SSE of Raoul Island, New Zealand",earthquake,8.7,1.6,0.105,29,reviewed,us,us
2016-02-04T07:49:51.920Z,-33.2076,-179.0436,10,4.5,mb,,158,4.063,1.13,us,us20004yz5,2016-02-24T14:10:41.736Z,"197km S of L'Esperance Rock, New Zealand",earthquake,8.3,1.7,0.163,11,reviewed,us,us
2016-02-04T07:13:44.940Z,-63.2031,169.1413,10,4.9,mb,,69,14.571,0.8,us,us20004x0t,2016-02-24T13:54:22.690Z,"Balleny Islands region",earthquake,10.9,1.9,0.11,26,reviewed,us,us
2016-02-04T06:59:27.130Z,-6.3994,147.4642,75.3,5.1,mb,,41,3.001,0.99,us,us20004x0k,2016-02-04T15:02:08.975Z,"50km WNW of Finschhafen, Papua New Guinea",earthquake,7.8,7.5,0.059,93,reviewed,us,us
2016-02-04T00:58:42.640Z,-30.5136,-177.4003,10,4.9,mb,,126,1.345,1.22,us,us20004wz8,2016-02-04T09:01:08.767Z,"146km SSE of Raoul Island, New Zealand",earthquake,5.8,1.9,0.129,19,reviewed,us,us
2016-02-04T00:48:11.880Z,-30.5407,-177.6348,10,5.1,mb,,80,1.316,0.96,us,us20004wz7,2016-02-04T08:51:12.964Z,"143km S of Raoul Island, New Zealand",earthquake,7.5,1.7,0.082,48,reviewed,us,us
2016-02-04T00:07:46.390Z,-30.5576,-177.6897,10,5.2,mb,,121,1.324,0.6,us,us20004wyx,2016-02-04T08:10:14.973Z,"144km S of Raoul Island, New Zealand",earthquake,8.9,1.9,0.061,88,reviewed,us,us
2016-02-03T21:01:07.840Z,19.2835,121.214,10,4.8,mb,,119,3.518,0.69,us,us20004wxr,2016-02-04T05:03:47.450Z,"74km N of Namuac, Philippines",earthquake,9.2,1.9,0.062,79,reviewed,us,us
2016-02-03T20:31:25.000Z,60.3334,-153.546,188.8,4.5,ml,150,57.5999953920004,,0.81,ak,ak12660035,2016-02-15T18:57:38.248Z,"47km WSW of Redoubt Volcano, Alaska",earthquake,0.4,0.4,,,reviewed,ak,ak
2016-02-03T20:27:28.110Z,-10.0667,123.5749,10,5.2,mb,,50,0.749,1.13,us,us20004wxd,2016-02-04T01:36:55.516Z,"11km N of Kupang, Indonesia",earthquake,4.8,1.7,0.067,74,reviewed,us,us
2016-02-03T18:27:51.190Z,52.8634,107.643,10,4.5,mb,,43,5.018,0.78,us,us20004wx2,2016-02-04T02:08:31.562Z,"40km WSW of Turka, Russia",earthquake,9.2,1.9,0.078,49,reviewed,us,us
2016-02-03T17:59:40.770Z,36.8816,141.1555,10,4.7,mb,,123,1.012,0.74,us,us20004wwt,2016-02-03T23:32:13.376Z,"30km SE of Iwaki, Japan",earthquake,5,1.9,0.07,63,reviewed,us,us
2016-02-03T16:30:34.050Z,-30.2353,75.4473,10,4.7,mb,,78,41.87,0.99,us,us20004y5j,2016-02-18T04:51:10.898Z,"Mid-Indian Ridge",earthquake,7.9,1.9,0.159,12,reviewed,us,us
2016-02-03T16:05:12.160Z,6.3439,125.5444,67.52,4.6,mb,,75,0.721,1.14,us,us20004wtr,2016-02-18T04:40:08.722Z,"4km SW of Bolila, Philippines",earthquake,3.6,6.4,0.077,50,reviewed,us,us
2016-02-03T11:54:30.240Z,-10.8178,164.5447,10,4.9,mb,,58,4.729,0.65,us,us20004wt4,2016-02-03T19:57:14.617Z,"141km W of Lata, Solomon Islands",earthquake,7.4,1.7,0.084,45,reviewed,us,us
2016-02-03T11:44:46.850Z,47.362,153.9539,27.64,5,mb,,133,6.233,1.12,us,us20004wt3,2016-02-03T19:47:24.209Z,"Kuril Islands",earthquake,9.1,5.9,0.035,261,reviewed,us,us
2016-02-03T03:00:27.550Z,17.0595,-84.7175,15.18,4.5,mb,,43,3.87,1.45,us,us20004wrk,2016-02-03T11:02:56.937Z,"92km WSW of Great Swan Island, Honduras",earthquake,6.2,5.1,0.08,46,reviewed,us,us
2016-02-02T22:26:20.050Z,-21.7621,-68.4518,124.95,4.5,mb,,31,0.735,0.6,us,us20004wqj,2016-02-03T06:29:06.777Z,"92km NNE of Calama, Chile",earthquake,5.2,6.8,0.106,26,reviewed,us,us
2016-02-02T19:36:18.340Z,16.8625,-86.1983,10,4.8,mb,,23,2.975,1.35,us,us20004wnp,2016-02-10T15:33:57.188Z,"58km NW of Savannah Bight, Honduras",earthquake,7.3,1.9,0.032,300,reviewed,us,us
2016-02-02T14:19:22.260Z,25.5866,123.4665,188.27,5.7,mwb,,28,1.188,0.82,us,us20004wk0,2016-02-05T15:54:55.000Z,"132km NNE of Yonakuni, Japan",earthquake,6.3,2.7,0.063,24,reviewed,us,us
2016-02-02T13:32:52.270Z,12.704,-89.8818,10,4.6,mb,,197,1.164,1.52,us,us20004wjv,2016-02-24T20:12:41.096Z,"98km S of Acajutla, El Salvador",earthquake,5.3,1.8,0.053,107,reviewed,us,us
2016-02-02T13:20:36.750Z,34.7456,89.2272,11.97,4.5,mb,,155,13.126,0.67,us,us20004y3z,2016-02-24T19:26:05.887Z,"298km WNW of Tanggulashan, China",earthquake,17,5.9,0.119,21,reviewed,us,us
2016-02-02T13:03:19.810Z,13.753,120.8959,121.56,4.6,mb,,69,0.349,0.8,us,us20004y3u,2016-02-24T17:45:12.895Z,"0km NW of Solo, Philippines",earthquake,11.2,5.4,0.086,41,reviewed,us,us
2016-02-02T07:18:34.680Z,14.922,-60.5618,47.14,4.9,mb,,68,0.336,0.84,us,us20004wi2,2016-02-23T03:40:47.331Z,"47km ENE of Petite Riviere Salee, Martinique",earthquake,6,6.3,0.051,122,reviewed,us,us
2016-02-02T07:01:00.570Z,40.0345,77.686,14.26,4.7,mb,,71,2.123,0.81,us,us20004why,2016-02-16T08:40:03.333Z,"139km ENE of Arzak, China",earthquake,6.6,4.3,0.088,39,reviewed,us,us
2016-02-02T05:38:35.330Z,-6.1566,149.4597,61.24,4.8,mb,,68,3.326,0.87,us,us20004whx,2016-02-02T13:41:10.536Z,"12km NW of Kandrian, Papua New Guinea",earthquake,10.4,7.4,0.102,30,reviewed,us,us
2016-02-02T05:31:48.460Z,39.6666,142.9534,17.48,5.6,mb,,86,2.351,1.18,us,us20004whr,2016-02-05T15:54:53.000Z,"85km E of Miyako, Japan",earthquake,6.8,4.1,0.027,487,reviewed,us,us
2016-02-01T22:47:51.310Z,55.0878,162.1728,49.18,4.7,mb,,102,2.93,1.2,us,us20004wen,2016-02-12T00:15:35.213Z,"128km S of Ust'-Kamchatsk Staryy, Russia",earthquake,6.3,6.5,0.041,180,reviewed,us,us
2016-02-01T22:34:47.480Z,71.8666,-1.4871,10,4.6,mb,,84,6.751,0.93,us,us20004weh,2016-02-12T00:12:40.029Z,"278km ENE of Olonkinbyen, Svalbard and Jan Mayen",earthquake,7.4,1.9,0.062,77,reviewed,us,us
2016-02-01T21:45:57.690Z,-22.5579,-66.0461,245.7,4.5,mb,,29,2.648,1.05,us,us20004we3,2016-02-11T23:58:43.426Z,"40km WNW of Abra Pampa, Argentina",earthquake,8.3,6.4,0.151,13,reviewed,us,us
2016-02-01T19:00:45.150Z,-30.9208,179.985,382.42,6.2,mwc,,25,2.461,1.64,us,us20004wck,2016-02-05T15:54:52.000Z,"120km WNW of L'Esperance Rock, New Zealand",earthquake,9.1,4.2,0.103,9,reviewed,us,us
2016-02-01T17:52:08.800Z,-23.7794,-177.7374,241.98,4.9,mb,,53,5.446,0.61,us,us20004way,2016-02-02T01:54:48.369Z,"South of the Fiji Islands",earthquake,7.2,5.8,0.039,209,reviewed,us,us
2016-02-01T16:45:30.620Z,13.9988,-89.9365,131.69,4.5,mb,,108,0.685,0.85,us,us20004wai,2016-02-24T17:11:56.296Z,"10km N of Tacuba, El Salvador",earthquake,8.2,6.2,0.051,113,reviewed,us,us
2016-02-01T16:35:16.260Z,-25.4121,179.944,486.46,4.5,mb,,76,4.26,1.13,us,us20004waa,2016-02-24T17:04:35.971Z,"South of the Fiji Islands",earthquake,12.2,7.5,0.09,36,reviewed,us,us
2016-02-01T14:25:48.480Z,10.5643,-83.0239,10,4.6,mb,,56,0.578,1.11,us,us20004w9y,2016-02-01T22:28:31.638Z,"61km NNE of Matina, Costa Rica",earthquake,4,1.9,0.386,2,reviewed,us,us
2016-02-01T12:30:38.080Z,3.7232,126.9778,55.73,4.6,mb,,117,2.957,0.89,us,us20004x47,2016-02-16T07:57:14.762Z,"248km NNW of Tobelo, Indonesia",earthquake,6.5,8.2,0.116,22,reviewed,us,us
2016-02-01T03:17:45.530Z,46.7098,152.5924,53.47,4.7,mb,,102,6.75,0.81,us,us20004w8h,2016-02-09T02:02:03.994Z,"Kuril Islands",earthquake,9.5,5.9,0.063,77,reviewed,us,us
2016-02-01T01:41:35.750Z,-17.7931,-174.8199,148.86,4.5,mb,,90,4.816,1.18,us,us20004w89,2016-02-05T04:01:12.054Z,"129km NW of Neiafu, Tonga",earthquake,10.9,5.7,0.072,56,reviewed,us,us
2016-01-31T23:23:46.510Z,-6.9245,155.1536,10,5.3,mb,,32,4.028,1.43,us,us20004w7h,2016-02-14T23:40:08.660Z,"76km SSW of Panguna, Papua New Guinea",earthquake,7.9,1.4,0.059,97,reviewed,us,us
2016-01-31T23:03:28.380Z,-7.1671,155.1424,10,4.5,mb,,64,4.186,1,us,us20004w7d,2016-02-14T23:36:14.785Z,"101km SSW of Panguna, Papua New Guinea",earthquake,4.5,1.6,0.107,26,reviewed,us,us
2016-01-31T23:01:45.240Z,-63.3233,168.4659,10,4.6,mb,,111,10.11,0.61,us,us20004x29,2016-02-16T03:17:23.792Z,"Balleny Islands region",earthquake,9.6,1.8,0.129,18,reviewed,us,us
2016-01-31T18:43:03.930Z,-16.9682,168.2272,214.32,4.9,mb,,79,1.804,0.72,us,us20004w6f,2016-02-01T02:45:36.939Z,"85km N of Port-Vila, Vanuatu",earthquake,7.1,7.5,0.084,44,reviewed,us,us
2016-01-31T17:39:00.280Z,-63.2868,169.1522,10,6,mwb,,119,14.488,1.13,us,us20004w6c,2016-02-05T15:54:51.000Z,"Balleny Islands region",earthquake,9.2,1.9,,,reviewed,us,us
2016-01-31T16:42:06.320Z,16.0503,-61.6197,114.51,4.8,mb,,38,0.019,0.72,us,us20004w63,2016-02-24T15:28:51.150Z,"5km W of Capesterre-Belle-Eau, Guadeloupe",earthquake,5.4,3.4,0.036,243,reviewed,us,us
2016-01-31T16:25:27.450Z,36.5917,-3.0519,10,4.9,mb,,55,1.917,0.58,us,us20004w5y,2016-02-24T15:10:25.288Z,"17km S of Adra, Spain",earthquake,6.1,1.8,0.055,107,reviewed,us,us
2016-01-31T16:20:42.810Z,-2.8737,147.2094,10,4.8,mb,,94,0.839,0.81,us,us20004w5w,2016-02-24T14:27:07.177Z,"94km S of Lorengau, Papua New Guinea",earthquake,6,1.8,0.112,25,reviewed,us,us
2016-01-31T14:33:10.920Z,-59.7194,-26.2219,10,4.8,mb,,60,9.264,0.75,us,us20004x1z,2016-02-23T21:42:07.721Z,"78km SSE of Bristol Island, South Sandwich Islands",earthquake,11.3,1.8,0.071,61,reviewed,us,us
2016-01-31T14:29:14.390Z,1.3888,-98.7632,9.1,4.6,mb,,160,8.72,0.18,us,us20004x1y,2016-02-23T20:28:41.381Z,"West of the Galapagos Islands",earthquake,16.1,7.9,0.385,2,reviewed,us,us
2016-01-31T11:38:36.500Z,8.8083,-82.812,14.03,4.8,mb,,43,0.123,1.08,us,us20004w57,2016-02-15T13:11:08.167Z,"3km NE of Monte Lirio, Panama",earthquake,5.7,4.6,0.064,75,reviewed,us,us
2016-01-31T11:34:56.450Z,-24.2644,-179.6782,510.93,4.5,mb,,101,5.201,1.25,us,us20004x1u,2016-02-15T13:03:25.746Z,"South of the Fiji Islands",earthquake,14,8,0.106,26,reviewed,us,us
2016-01-31T11:05:48.510Z,-8.1584,124.2186,181.71,4.5,mb,,57,1.587,1.06,us,us20004w53,2016-02-15T12:38:47.264Z,"128km NW of Atambua, Indonesia",earthquake,8.5,7.1,0.115,22,reviewed,us,us
2016-01-31T07:42:50.560Z,-21.9577,-68.1012,118.87,4.8,mb,,67,0.993,0.91,us,us20004w4e,2016-01-31T15:45:32.567Z,"102km ENE of Calama, Chile",earthquake,8,4.9,0.154,13,reviewed,us,us
2016-01-31T07:41:51.370Z,-8.3518,-74.2185,159.55,5,mb,,58,1.621,0.88,us,us20004w4h,2016-01-31T15:44:26.066Z,"37km E of Pucallpa, Peru",earthquake,7.7,3.1,0.037,232,reviewed,us,us
2016-01-31T02:50:05.570Z,-2.8756,147.1274,10,5.6,mb,,24,0.86,1.14,us,us20004w3k,2016-02-05T15:54:50.000Z,"95km S of Lorengau, Papua New Guinea",earthquake,6.7,1.9,0.047,170,reviewed,us,us
2016-01-30T23:46:44.220Z,-2.8743,147.1826,10,5.3,mb,,53,0.845,0.7,us,us20004w34,2016-01-31T07:49:24.178Z,"94km S of Lorengau, Papua New Guinea",earthquake,7.2,1.9,0.061,91,reviewed,us,us
2016-01-30T22:23:53.760Z,-7.0039,155.159,10,5.1,mb,,66,4.085,1.06,us,us20004w2w,2016-01-31T06:26:26.575Z,"84km SSW of Panguna, Papua New Guinea",earthquake,8.8,1.9,0.072,63,reviewed,us,us
2016-01-30T17:29:58.270Z,2.9842,126.947,48.95,4.8,mb,,47,2.237,0.75,us,us20004w26,2016-02-03T15:01:42.968Z,"182km NW of Tobelo, Indonesia",earthquake,7.1,6.6,0.065,73,reviewed,us,us
2016-01-30T17:23:33.930Z,43.9167,147.8515,57.99,5,mb,,161,3.798,0.68,us,us20004w22,2016-02-03T14:52:43.086Z,"91km E of Shikotan, Russia",earthquake,8.7,7.1,0.043,170,reviewed,us,us
2016-01-30T13:50:34.920Z,-2.5078,133.3216,38.8,4.7,mb,,139,1.146,1.36,us,us20004w1h,2016-01-30T21:53:09.305Z,"200km SSW of Manokwari, Indonesia",earthquake,6,7.2,0.118,22,reviewed,us,us
2016-01-30T13:28:19.440Z,-33.212,-72.3568,15.74,4.6,mb,,190,0.632,1.13,us,us20004w1c,2016-01-30T21:31:01.333Z,"70km WSW of Valparaiso, Chile",earthquake,4,5.5,0.192,8,reviewed,us,us
2016-01-30T12:37:20.650Z,10.1519,125.6466,87.82,4.7,mb,,100,3.063,0.83,us,us20004ww3,2016-02-15T09:09:05.805Z,"13km ESE of Libjo, Philippines",earthquake,12.1,6.8,0.099,31,reviewed,us,us
2016-01-30T12:02:47.630Z,-3.1401,146.9814,13,5.5,mwb,,30,1.155,1.06,us,us20004w14,2016-02-15T08:55:24.990Z,"127km SSW of Lorengau, Papua New Guinea",earthquake,7.3,1.8,0.065,23,reviewed,us,us
2016-01-30T11:11:44.700Z,-59.0091,-25.7367,103.11,4.5,mb,,75,7.582,0.42,us,us20004ww0,2016-02-15T08:37:19.087Z,"44km E of Bristol Island, South Sandwich Islands",earthquake,11.6,7.5,0.172,10,reviewed,us,us
2016-01-30T10:04:11.770Z,-4.1831,126.4005,16.43,4.6,mb,,62,5.015,0.73,us,us20004w0w,2016-01-30T18:06:54.016Z,"46km SSW of Leksula, Indonesia",earthquake,5.9,5.1,0.1,30,reviewed,us,us
2016-01-30T08:34:59.800Z,-9.916,126.848,10,4.7,mb,,54,2.548,1.07,us,us20004w0n,2016-02-24T07:17:19.767Z,"179km SE of Ainaro, East Timor",earthquake,7,1.9,0.117,22,reviewed,us,us
2016-01-30T06:53:49.780Z,54.1757,158.7002,156.82,4.6,mb,,93,1.155,0.65,us,us20004w0g,2016-02-20T14:22:15.992Z,"112km N of Yelizovo, Russia",earthquake,10.5,7.7,0.093,34,reviewed,us,us
2016-01-30T05:35:21.140Z,-9.8322,126.8093,10,4.5,mb,,53,2.506,1.11,us,us20004w04,2016-02-20T14:08:22.068Z,"170km ESE of Ainaro, East Timor",earthquake,7.2,1.9,0.164,11,reviewed,us,us
2016-01-30T03:42:23.300Z,53.986,158.6429,167.82,5.1,mb,,84,0.964,0.75,us,us20004vwj,2016-01-30T11:44:58.492Z,"90km N of Yelizovo, Russia",earthquake,9.6,6.6,0.061,87,reviewed,us,us
2016-01-30T03:25:10.750Z,54.0057,158.5128,163.22,7.2,mww,,17,0.987,0.89,us,us20004vvx,2016-02-20T01:23:04.698Z,"91km N of Yelizovo, Russia",earthquake,7.2,3,,,reviewed,us,us
2016-01-30T02:52:48.050Z,52.022,178.3734,100.3,4.9,mb,,89,2.712,0.77,us,us20004vvs,2016-02-09T01:58:48.439Z,"12km NW of Little Sitkin Island, Alaska",earthquake,8.6,6.3,0.038,218,reviewed,us,us
2016-01-30T01:52:36.050Z,-17.3312,-178.0874,413.08,4.8,mb,,40,3.705,0.87,us,us20004vvd,2016-01-30T09:55:19.744Z,"287km ESE of Lambasa, Fiji",earthquake,10.4,5.6,0.042,172,reviewed,us,us
2016-01-30T00:30:52.570Z,41.0363,-127.3842,10,5,mww,,106,2.542,0.89,us,us20004vq9,2016-02-14T23:14:24.656Z,"268km WNW of Ferndale, California",earthquake,7.2,1.9,,,reviewed,us,us
2016-01-30T00:28:41.960Z,40.9167,-127.2074,10,5.1,mww,,73,2.354,1.13,us,us20004vq3,2016-02-14T06:42:23.482Z,"251km W of Ferndale, California",earthquake,6.3,1.8,,,reviewed,us,us
2016-01-30T00:16:39.840Z,48.529,153.4649,152.94,5.2,mb,,48,5.311,1.05,us,us20004vpy,2016-02-14T06:18:17.361Z,"Kuril Islands",earthquake,8.1,4.7,0.029,402,reviewed,us,us
2016-01-30T00:08:50.680Z,6.2933,145.6518,10,5.1,mb,,26,7.291,0.64,us,us20004vpw,2016-02-14T06:13:32.187Z,"145km SSW of Elato, Micronesia",earthquake,7.4,1.8,0.053,117,reviewed,us,us
2016-01-29T21:34:38.430Z,-32.8993,-179.2468,102.97,4.5,mb,,138,3.814,1.42,us,us20004wuq,2016-02-16T01:28:57.103Z,"165km S of L'Esperance Rock, New Zealand",earthquake,8.6,8.8,0.104,27,reviewed,us,us
2016-01-29T21:08:01.070Z,-6.2725,154.9562,115.72,4.5,mb,,141,3.465,0.98,us,us20004wup,2016-02-16T00:34:37.292Z,"58km W of Panguna, Papua New Guinea",earthquake,10,7.8,0.121,20,reviewed,us,us
2016-01-29T20:07:15.080Z,-30.3374,-71.627,36.05,4.8,mwr,,118,0.335,1.08,us,us20004vly,2016-01-30T17:30:30.031Z,"50km SSW of Coquimbo, Chile",earthquake,4.8,4.3,0.043,51,reviewed,us,us
2016-01-29T19:06:34.600Z,-13.8204,167.2588,199.44,4.9,mb,,39,1.618,0.85,us,us20004vlp,2016-01-30T17:05:34.497Z,"32km WNW of Sola, Vanuatu",earthquake,9.5,5,0.056,100,reviewed,us,us
2016-01-29T17:32:31.950Z,0.9301,126.0938,10,5.2,mb,,26,1.282,1.04,us,us20004vj7,2016-01-30T16:24:01.786Z,"116km ESE of Bitung, Indonesia",earthquake,6,1.7,0.046,155,reviewed,us,us
2016-01-29T15:19:58.290Z,12.6781,143.9302,61.64,4.6,mb,,136,1.286,1.21,us,us20004vir,2016-01-29T23:22:24.811Z,"103km SW of Merizo Village, Guam",earthquake,11.3,13.5,0.141,15,reviewed,us,us
2016-01-29T07:11:19.280Z,1.7968,128.7178,7.75,4.8,mb,,104,1.691,0.66,us,us20004vfy,2016-02-20T13:36:40.925Z,"79km E of Tobelo, Indonesia",earthquake,7.6,4.9,0.093,36,reviewed,us,us
2016-01-29T07:07:56.620Z,1.6794,128.6489,59.95,4.8,mb,,109,1.567,1.09,us,us20004vfx,2016-02-19T13:50:34.028Z,"71km E of Tobelo, Indonesia",earthquake,9.1,8.2,0.09,38,reviewed,us,us
2016-01-29T05:27:43.520Z,-11.8043,166.7237,129.2,4.5,mb,,139,3.651,0.69,us,us20004wu5,2016-02-19T13:40:17.945Z,"154km SE of Lata, Solomon Islands",earthquake,13.4,5.5,0.18,9,reviewed,us,us
2016-01-29T04:37:57.670Z,12.5459,143.4878,10,4.6,mb,,88,1.698,0.72,us,us20004wu3,2016-02-18T06:22:25.653Z,"150km WSW of Merizo Village, Guam",earthquake,8.1,1.7,0.151,13,reviewed,us,us
2016-01-29T04:30:46.290Z,-58.9775,-25.8249,97.67,5.1,mb,,53,7.526,0.71,us,us20004vf6,2016-02-18T03:31:31.677Z,"40km E of Bristol Island, South Sandwich Islands",earthquake,10.6,4.7,0.07,65,reviewed,us,us
2016-01-29T02:29:14.680Z,19.3144,121.0913,10,5,mb,,47,3.485,1.14,us,us20004vec,2016-02-18T03:17:50.894Z,"78km N of Claveria, Philippines",earthquake,7.6,1.7,0.049,130,reviewed,us,us
2016-01-29T01:17:12.760Z,-3.7818,-80.8996,45.45,4.5,mb,,137,4.682,0.89,us,us20004ve1,2016-02-18T02:56:33.983Z,"27km WSW of Zorritos, Peru",earthquake,9.4,5.4,0.106,26,reviewed,us,us
2016-01-29T00:02:39.240Z,-11.4019,166.2289,61.95,5.2,mb,,42,4.131,0.75,us,us20004vdi,2016-02-14T05:01:03.246Z,"87km SSE of Lata, Solomon Islands",earthquake,8.4,5.3,0.044,171,reviewed,us,us
2016-01-28T21:07:32.890Z,18.3173,-72.4442,9.77,4.7,mb,,67,0.105,0.78,us,us20004wlv,2016-02-13T23:09:28.329Z,"10km NNW of Cayes Jacmel, Haiti",earthquake,5.5,3.6,0.153,13,reviewed,us,us
2016-01-28T20:47:27.820Z,38.2034,141.9152,37.85,4.6,mb,,130,0.949,0.87,us,us20004vcv,2016-02-24T00:38:24.228Z,"58km ESE of Ishinomaki, Japan",earthquake,7.3,7,0.132,17,reviewed,us,us
2016-01-28T20:03:03.250Z,-56.4578,-143.5954,10,5.1,mb,,69,33.698,1.36,us,us20004vc2,2016-02-23T22:12:23.998Z,"Pacific-Antarctic Ridge",earthquake,14.7,1.8,0.092,38,reviewed,us,us
2016-01-28T19:48:51.440Z,35.4704,-3.798,10,4.5,mb,,102,2.19,0.95,us,us20004vbu,2016-02-23T22:10:06.355Z,"27km NNE of Al Hoceima, Morocco",earthquake,5.3,1.8,0.073,54,reviewed,us,us
2016-01-28T09:09:12.880Z,14.9528,-94.31,40.78,4.6,mb,,160,2.476,1.27,us,us20004v9j,2016-01-29T00:47:52.318Z,"128km SSW of Paredon, Mexico",earthquake,9.1,5.1,0.039,196,reviewed,us,us
2016-01-28T05:30:22.000Z,59.6994,-153.1661,107.3,4.5,ml,159,71.9999942400005,,0.86,ak,ak12542862,2016-02-04T21:10:00.357Z,"76km W of Anchor Point, Alaska",earthquake,0.3,0.4,,,reviewed,ak,ak
2016-01-28T03:46:53.020Z,1.0487,-28.1224,10,5,mb,,101,10.343,0.6,us,us20004v8g,2016-01-29T00:46:31.444Z,"Central Mid-Atlantic Ridge",earthquake,9.4,1.8,0.09,40,reviewed,us,us
2016-01-27T23:21:20.020Z,-16.2279,-172.7414,10,4.8,mb,,100,13.246,0.62,us,us20004v7g,2016-01-29T00:50:05.278Z,"112km ESE of Hihifo, Tonga",earthquake,9.7,1.9,0.094,35,reviewed,us,us
2016-01-27T19:03:35.340Z,-17.8293,-178.6384,563.95,4.6,mb,,138,3.153,0.81,us,us20004v4l,2016-02-23T22:03:11.391Z,"262km SE of Lambasa, Fiji",earthquake,14.4,8.7,0.084,42,reviewed,us,us
2016-01-27T15:27:36.960Z,-23.8596,-171.6987,10,4.6,mb,,267,7.737,1.38,us,us20004wbr,2016-02-08T01:01:18.003Z,"Tonga region",earthquake,9.7,2,0.141,15,reviewed,us,us
2016-01-27T15:11:17.570Z,1.0315,-28.1425,10,5.7,mwc,,34,10.317,1.08,us,us20004v38,2016-02-17T05:55:30.244Z,"Central Mid-Atlantic Ridge",earthquake,9.2,1.8,0.066,22,reviewed,us,us
2016-01-27T13:41:11.410Z,-22.626,170.9733,36.69,4.5,mb,,87,2.958,0.9,us,us20004wbp,2016-02-18T13:17:00.744Z,"113km WSW of Ile Hunter, New Caledonia",earthquake,11,5.7,0.192,8,reviewed,us,us
2016-01-27T13:16:35.000Z,-30.662,-71.688,33,4.5,mwr,,,,0.88,us,us20004v1z,2016-02-18T07:18:33.978Z,"47km W of Ovalle, Chile",earthquake,6.5,4,0.044,50,reviewed,guc,us
2016-01-27T06:32:08.910Z,35.7313,-3.5226,10,4.9,mb,,58,2.293,1.15,us,us20004uze,2016-01-27T22:02:39.358Z,"64km N of Boudinar, Morocco",earthquake,7.6,1.9,0.036,268,reviewed,us,us
2016-01-27T05:46:45.500Z,-6.1318,148.9774,70.89,4.8,mb,,82,3.713,0.46,us,us20004uz3,2016-01-29T00:49:35.040Z,"64km W of Kandrian, Papua New Guinea",earthquake,7.7,6,0.109,26,reviewed,us,us
2016-01-27T01:40:16.840Z,-2.8601,128.0692,45.87,4.7,mb,,79,3.675,1.13,us,us20004uxi,2016-02-05T01:49:23.502Z,"26km NNW of Piru, Indonesia",earthquake,6.9,6.1,0.08,47,reviewed,us,us
2016-01-27T01:27:02.890Z,-20.6141,-173.6659,10,5.2,mb,,82,3.837,1.44,us,us20004uxf,2016-02-05T01:36:32.774Z,"115km SE of Pangai, Tonga",earthquake,8.6,1.7,0.058,97,reviewed,us,us
2016-01-27T01:24:30.550Z,8.3122,137.7608,10,5.1,mb,,24,11.148,1.11,us,us20004uxe,2016-02-04T06:13:09.871Z,"34km ESE of Ngulu, Micronesia",earthquake,9.3,1.2,0.05,128,reviewed,us,us
2016-01-26T23:19:08.920Z,36.7505,69.8663,308.33,5.2,mb,,38,0.68,0.82,us,us20004uwb,2016-02-03T04:41:21.872Z,"19km N of Farkhar, Afghanistan",earthquake,6.2,4,0.035,273,reviewed,us,us
2016-01-26T22:06:06.900Z,-5.2418,153.1785,36.37,5,mb,,115,1.453,0.93,us,us20004uva,2016-01-29T00:46:50.633Z,"87km S of Taron, Papua New Guinea",earthquake,8.8,7.8,0.089,40,reviewed,us,us
2016-01-26T21:59:57.990Z,-10.3797,119.4192,36.07,5.1,mb,,67,3.276,1.23,us,us20004uv8,2016-01-29T00:50:09.933Z,"69km S of Padedewatu, Indonesia",earthquake,7,7.3,0.08,51,reviewed,us,us
2016-01-26T21:34:11.900Z,-5.2793,153.1558,38.41,5.1,mb,,69,1.465,0.76,us,us20004uuy,2016-01-29T00:45:58.109Z,"90km S of Taron, Papua New Guinea",earthquake,8.4,7.6,0.075,58,reviewed,us,us
2016-01-26T20:03:43.620Z,-5.2726,153.1911,10,5.3,mwb,,16,1.484,0.9,us,us20004uu1,2016-02-05T15:54:45.000Z,"90km S of Taron, Papua New Guinea",earthquake,7.2,1.6,0.078,16,reviewed,us,us
2016-01-26T19:22:01.840Z,-5.3506,153.2565,39.76,4.6,mb,,96,1.585,0.96,us,us20004utq,2016-01-29T00:47:28.585Z,"100km SSE of Taron, Papua New Guinea",earthquake,7.2,7.6,0.083,43,reviewed,us,us
2016-01-26T17:51:29.900Z,-9.366,158.0532,35.65,5.2,mb,,32,1.87,1.07,us,us20004usw,2016-01-29T00:49:15.438Z,"181km SW of Dadali, Solomon Islands",earthquake,6.1,7.1,0.046,156,reviewed,us,us
2016-01-26T16:34:26.150Z,-33.8165,-178.8393,10,4.8,mb,,82,4.4,1.16,us,us20004vl8,2016-02-22T17:25:11.389Z,"264km S of L'Esperance Rock, New Zealand",earthquake,7.1,1.9,0.116,23,reviewed,us,us
2016-01-26T16:06:14.790Z,-17.8646,172.9462,10,4.6,mb,,148,4.866,0.4,us,us20004vl5,2016-02-22T17:05:08.670Z,"Vanuatu region",earthquake,13.5,2,0.206,8,reviewed,us,us
2016-01-26T16:05:41.250Z,21.7895,121.2993,10,4.8,mb,,111,1.043,1.07,us,us20004uq8,2016-02-22T14:40:27.249Z,"62km ESE of Hengchun, Taiwan",earthquake,5.8,1.8,0.075,54,reviewed,us,us
2016-01-26T15:55:18.220Z,-21.9192,-175.3559,54.96,4.8,mb,,88,5.821,1.05,us,us20004uq5,2016-02-21T21:48:21.821Z,"77km SSW of `Ohonua, Tonga",earthquake,9.9,6.4,0.08,49,reviewed,us,us
2016-01-26T15:47:58.770Z,-5.2952,153.1961,32.91,5,mb,,74,1.503,0.9,us,us20004uq4,2016-02-21T21:34:13.986Z,"93km S of Taron, Papua New Guinea",earthquake,6,4.3,0.065,74,reviewed,us,us
2016-01-26T15:38:56.680Z,22.7109,144.1318,35,4.8,mb,,63,4.71,0.83,us,us20004uq3,2016-02-21T21:28:59.244Z,"253km NNW of Farallon de Pajaros, Northern Mariana Islands",earthquake,10.3,1.9,0.054,104,reviewed,us,us
2016-01-26T15:36:54.680Z,0.5192,-28.7917,10,4.5,mb,,114,9.494,0.66,us,us20004vl4,2016-02-21T21:25:33.872Z,"Central Mid-Atlantic Ridge",earthquake,11.3,1.8,0.145,14,reviewed,us,us
2016-01-26T14:59:59.380Z,36.3695,70.5351,146.4,4.5,mb,,75,0.755,0.49,us,us20004upx,2016-02-21T20:29:56.956Z,"43km NNW of `Alaqahdari-ye Kiran wa Munjan, Afghanistan",earthquake,4.4,6,0.135,16,reviewed,us,us
2016-01-26T13:50:00.980Z,-49.3451,125.1764,9.19,4.8,mb,,84,16.614,1.3,us,us20004upg,2016-02-21T17:41:51.653Z,"Western Indian-Antarctic Ridge",earthquake,9.8,4.6,0.105,28,reviewed,us,us
2016-01-26T11:37:43.800Z,38.2843,141.9514,56.19,4.7,mb,,96,1.006,1.12,us,us20004unx,2016-01-26T12:01:19.050Z,"58km ESE of Ishinomaki, Japan",earthquake,4.4,7.2,0.08,47,reviewed,us,us
2016-01-26T09:08:54.660Z,-30.1543,-71.9363,11.28,4.8,mb,,150,0.579,1,us,us20004uml,2016-01-27T17:34:31.923Z,"61km WSW of Coquimbo, Chile",earthquake,5.3,4.8,0.063,79,reviewed,us,us
2016-01-26T08:45:42.210Z,46.8904,152.6884,74.89,4.5,mb,,96,6.8,1.13,us,us20004vku,2016-02-06T13:25:13.696Z,"Kuril Islands",earthquake,10.7,6.4,0.1,29,reviewed,us,us
2016-01-26T05:05:18.510Z,51.1966,157.4243,70.57,4.8,mb,,120,1.922,0.81,us,us20004ulw,2016-01-29T00:45:47.900Z,"71km ESE of Ozernovskiy, Russia",earthquake,9.1,6.7,0.036,237,reviewed,us,us
2016-01-26T03:46:36.770Z,-20.5656,-177.5532,508.35,5.2,mb,,39,5.012,1.29,us,us20004ule,2016-01-29T00:45:43.954Z,"119km E of Ndoi Island, Fiji",earthquake,10.9,7.1,0.039,217,reviewed,us,us
2016-01-26T03:10:23.480Z,-5.3308,153.1682,43.85,5.8,mwp,,36,1.511,1.12,us,us20004uks,2016-02-04T20:11:25.000Z,"96km S of Taron, Papua New Guinea",earthquake,6.7,5.8,0.041,82,reviewed,us,us
2016-01-26T02:31:48.920Z,-17.0246,-177.0052,10,5.3,mb,,133,4.773,0.96,us,us20004ukm,2016-01-29T00:45:29.600Z,"Fiji region",earthquake,10.3,1.9,0.048,147,reviewed,us,us
2016-01-26T00:30:45.730Z,-29.5103,-178.6049,335.77,4.5,mb,,133,0.646,1.09,us,us20004vke,2016-02-13T22:34:38.619Z,"73km WSW of Raoul Island, New Zealand",earthquake,7.6,10.3,0.314,3,reviewed,us,us
2016-01-26T00:19:10.120Z,-32.5926,-71.8416,8.37,4.8,mwr,,115,0.462,0.74,us,us20004ujc,2016-02-12T04:17:24.925Z,"53km NNW of Valparaiso, Chile",earthquake,4.9,3.1,0.047,44,reviewed,us,us
2016-01-25T23:02:11.990Z,-54.2724,-55.5984,10,4.7,mb,,145,2.998,1.11,us,us20004vk9,2016-02-12T04:54:24.236Z,"Falkland Islands region",earthquake,7.8,1.9,0.153,13,reviewed,us,us
